-- phpMyAdmin SQL Dump
-- version 4.7.3
-- https://www.phpmyadmin.net/
--
-- Hôte : mysql5-16.pro
-- Généré le :  ven. 01 juin 2018 à 15:12
-- Version du serveur :  5.5.55-0+deb7u1-log
-- Version de PHP :  5.6.33-0+deb8u1

SET SQL_MODE = "NO_AUTO_VALUE_ON_ZERO";
SET AUTOCOMMIT = 0;
START TRANSACTION;
SET time_zone = "+00:00";


/*!40101 SET @OLD_CHARACTER_SET_CLIENT=@@CHARACTER_SET_CLIENT */;
/*!40101 SET @OLD_CHARACTER_SET_RESULTS=@@CHARACTER_SET_RESULTS */;
/*!40101 SET @OLD_COLLATION_CONNECTION=@@COLLATION_CONNECTION */;
/*!40101 SET NAMES utf8mb4 */;

--
-- Base de données :  `icofsiosuivi`
--

-- --------------------------------------------------------

--
-- Structure de la table `port_activite`
--

CREATE TABLE `port_activite` (
  `id` smallint(6) NOT NULL,
  `idDomaine` smallint(6) NOT NULL,
  `nomenclature` char(7) NOT NULL,
  `lngutile` smallint(6) NOT NULL,
  `libelle` varchar(150) NOT NULL
) ENGINE=InnoDB DEFAULT CHARSET=utf8;

--
-- Déchargement des données de la table `port_activite`
--

INSERT INTO `port_activite` (`id`, `idDomaine`, `nomenclature`, `lngutile`, `libelle`) VALUES
(1, 1, 'A1.1.1', 54, 'Analyse du cahier des charges d\'un service à produire'),
(2, 1, 'A1.1.2', 47, 'Étude de l\'impact de l\'intégration d\'un service sur le système informatique'),
(3, 1, 'A1.1.3', 47, 'Étude des exigences liées à la qualité attendue d\'un service'),
(4, 2, 'A1.2.1', 49, 'Élaboration et présentation d\'un dossier de choix de solution technique'),
(5, 2, 'A1.2.2', 54, 'Rédaction des spécifications techniques de la solution retenue (adaptation d\'une solution existante ou réalisation d\'une nouvelle solution)'),
(6, 2, 'A1.2.3', 57, 'Évaluation des risques liés à l\'utilisation d\'un service'),
(7, 2, 'A1.2.4', 51, 'Détermination des tests nécessaires à la validation d\'un service'),
(8, 2, 'A1.2.5', 37, 'Définition des niveaux d\'habilitation associés à un service'),
(9, 3, 'A1.3.1', 49, 'Test d\'intégration et d\'acceptation d\'un service'),
(10, 3, 'A1.3.2', 51, 'Définition des éléments nécessaires à la continuité d\'un service'),
(11, 3, 'A1.3.3', 56, 'Accompagnement de la mise en place d\'un nouveau service'),
(12, 3, 'A1.3.4', 25, 'Déploiement d\'un service'),
(13, 4, 'A1.4.1', 25, 'Participation à un projet'),
(14, 4, 'A1.4.2', 47, 'Évaluation des indicateurs de suivi d\'un projet et justification des écarts'),
(15, 4, 'A1.4.3', 22, 'Gestion des ressources'),
(16, 5, 'A2.1.1', 53, 'Accompagnement des utilisateurs dans la prise en main d\'un service'),
(17, 5, 'A2.1.2', 50, 'Évaluation et maintien de la qualité d\'un service'),
(18, 6, 'A2.2.1', 32, 'Suivi et résolution d\'incidents'),
(19, 6, 'A2.2.2', 45, 'Suivi et réponse à des demandes d\'assistance'),
(20, 6, 'A2.2.3', 37, 'Réponse à une interruption de service'),
(21, 7, 'A2.3.1', 58, 'Identification, qualification et évaluation d\'un problème'),
(22, 7, 'A2.3.2', 41, 'Proposition d\'amélioration d\'un service'),
(23, 8, 'A3.1.1', 45, 'Proposition d\'une solution d\'infrastructure'),
(24, 8, 'A3.1.2', 58, 'Maquettage et prototypage d\'une solution d\'infrastructure'),
(25, 8, 'A3.1.3', 48, 'Prise en compte du niveau de sécurité nécessaire à une infrastructure'),
(26, 9, 'A3.2.1', 57, 'Installation et configuration d\'éléments d\'infrastructure'),
(27, 9, 'A3.2.2', 49, 'Remplacement ou mise à jour d\'éléments défectueux ou obsolètes'),
(28, 9, 'A3.2.3', 41, 'Mise à jour de la documentation technique d\'une solution d\'infrastructure'),
(29, 10, 'A3.3.1', 50, 'Administration sur site ou à distance des éléments d\'un réseau, de serveurs, de services et d\'équipements terminaux'),
(30, 10, 'A3.3.2', 59, 'Planification des sauvegardes et gestion des restaurations'),
(31, 10, 'A3.3.3', 42, 'Gestion des identités et des habilitations'),
(32, 10, 'A3.3.4', 43, 'Automatisation des tâches d\'administration'),
(33, 10, 'A3.3.5', 51, 'Gestion des indicateurs et des fichiers d\'activité'),
(34, 11, 'A4.1.1', 39, 'Proposition d\'une solution applicative'),
(35, 11, 'A4.1.2', 51, 'Conception ou adaptation de l\'interface utilisateur d\'une solution applicative'),
(36, 11, 'A4.1.3', 47, 'Conception ou adaptation d\'une base de données'),
(37, 11, 'A4.1.4', 59, 'Définition des caractéristiques d\'une solution applicative'),
(38, 11, 'A4.1.5', 35, 'Prototypage de composants logiciels'),
(39, 11, 'A4.1.6', 53, 'Gestion d\'environnements de développement et de test'),
(40, 11, 'A4.1.7', 54, 'Développement, utilisation ou adaptation de composants logiciels'),
(41, 11, 'A4.1.8', 49, 'Réalisation des tests nécessaires à la validation d\'éléments adaptés ou développés'),
(42, 11, 'A4.1.9', 40, 'Rédaction d\'une documentation technique'),
(43, 11, 'A4.1.10', 45, 'Rédaction d\'une documentation d\'utilisation'),
(44, 12, 'A4.2.1', 44, 'Analyse et correction d\'un dysfonctionnement, d\'un problème de qualité de service ou de sécurité'),
(45, 12, 'A4.2.2', 52, 'Adaptation d\'une solution applicative aux évolutions de ses composants'),
(46, 12, 'A4.2.3', 57, 'Réalisation des tests nécessaires à la mise en production d\'éléments mis à jour'),
(47, 12, 'A4.2.4', 42, 'Mise à jour d\'une documentation technique'),
(48, 13, 'A5.1.1', 45, 'Mise en place d\'une gestion de configuration'),
(49, 13, 'A5.1.2', 44, 'Recueil d\'informations sur une configuration et ses éléments'),
(50, 13, 'A5.1.3', 45, 'Suivi d\'une configuration et de ses éléments'),
(51, 13, 'A5.1.4', 43, 'Étude de propositions de contrat de service (client, fournisseur)'),
(52, 13, 'A5.1.5', 40, 'Évaluation d\'un élément de configuration ou d\'une configuration'),
(53, 13, 'A5.1.6', 44, 'Évaluation d\'un investissement informatique'),
(54, 14, 'A5.2.1', 50, 'Exploitation des référentiels, normes et standards adoptés par le prestataire informatique'),
(55, 14, 'A5.2.2', 20, 'Veille technologique'),
(56, 14, 'A5.2.3', 37, 'Repérage des compléments de formation ou d\'auto-formation utiles à l\'acquisition de nouvelles compétences'),
(57, 14, 'A5.2.4', 51, 'Étude d‘une technologie, d\'un composant, d\'un outil ou d\'une méthode');

-- --------------------------------------------------------

--
-- Structure de la table `port_activitecitee`
--

CREATE TABLE `port_activitecitee` (
  `idActivite` smallint(6) NOT NULL,
  `refSituation` int(11) NOT NULL,
  `commentaire` varchar(255) DEFAULT NULL
) ENGINE=InnoDB DEFAULT CHARSET=utf8;

--
-- Déchargement des données de la table `port_activitecitee`
--

INSERT INTO `port_activitecitee` (`idActivite`, `refSituation`, `commentaire`) VALUES
(1, 14, 'Le service infrastructure et moi avons établi un cahier des charges des éléments à superviser (routeur, switch...), machines (serveur...), éléments physiques (disque dur, carte réseau...) et services (http, etc.)'),
(1, 80, 'Lecture du cahier des charges de l\\\'application, et listage des tâches à effectuer.'),
(1, 81, 'Analyse du cahier des charges et listage des tâches.'),
(1, 176, '(P) Réunions, avec le responsable de l\\\'entreprise, qui ont permis une étude approfondie des fonctionnalités attendues (fichiers Excel en support fournis). '),
(1, 363, '(P) Analyse du cahier des charges et rédaction d\\\'un document résumant les différentes tâches à effectuer par chaque membre de l\\\'équipe.'),
(1, 406, '(P) Analyse du cahier des charges et rédaction d\\\'un résumé simplifié du cahier des charges.'),
(1, 543, 'Identification des fonctionnalités attendues présentées dans le cahier des charges (seulement celui destiné aux éditeurs - confidentialité)'),
(1, 544, 'Identification des fonctionnalités attendues présentées dans le cahier des charges (réalisé par moi-même)'),
(1, 605, 'Analyse du cahier des charges et adaptation du développement'),
(1, 607, 'Analyse du cahier des charges'),
(1, 608, 'Analyse du cahier des charges'),
(1, 609, 'Analyse du cahier des charges et adaptation du développement'),
(1, 921, 'Explication du système de fonctionnement de l\\\'application\r\nAnalyse du code'),
(1, 1075, 'La recherche d\'un CRM gratuit et pratique permettra à mon maître de stage , commercial de Exoception, de gagner du temps lors de la création de factures et de devis. En outre, la base de donnée du CRM trouvé lui sera utile pour répertorié ses documents'),
(1, 1076, 'Analyse du contexte et de la demande du client.'),
(1, 1088, 'Réunion d\\\'où l\\\'on a put analyser d\\\'où venait les principaux problèmes.'),
(1, 1093, 'Analyse du contexte et de la demande du client.'),
(1, 1097, 'Lors d\'une réunion, j\'ai présenté Dude en insistant sur l\'utilisation de Dude et de la nécessité de sa maintenance et de sa mise à jour.   '),
(1, 1098, 'rédaction du cahier des charges'),
(1, 1103, 'Prise en compte des attentes liées à l\\\'application avec l\\\'équipe, brainstorming.'),
(1, 1109, 'Analyse de la demande, des restrictions et des conditions'),
(1, 1122, 'Réalisation d\\\'une étude sur le remplacement du parc informatique de l\\\'entreprise, avec les contraintes qui me sont imposé.\r\nCompte rendu avec le responsable.'),
(1, 1125, 'Respect de le charte du jeu et de la demande de mes supérieurs pour le développement du son.'),
(1, 1134, 'Réunion avec le maitre de stage pour établir le cahier des charges (Produit à fournir et contraintes)\r\nRapport de réunion.'),
(1, 1135, 'Symfony 3 était trop évolué pour le projet je me suis donc recentré sur la création du formulaire'),
(1, 1153, 'Analyse du cahier des charges d\\\'une application (APIC) pour définir les contrôles graphiques ainsi que les fonctionnalités de l\\\'application ainsi que la création de la BDD.'),
(1, 1155, 'Présentation des besoins de l\\\'entreprise pour l\\\'application, ainsi que des contraintes.'),
(1, 1156, 'Le service est développé pour une utilisation interne : gestion des taches et projets en cours ou terminé par les salariés via une interface de tableau de bord pour visualiser les taches avec un accèes au détail d\'une tache ainsi qu\'a la modification et'),
(1, 1159, 'S1 : Application qui permet de gérer les menus et les information propre a l\\\'établissement.'),
(1, 1162, 'évaluation des besoins'),
(1, 1169, 'Le Schéma Script qui explique ce que l\\\'on veut obtenir en fin de projet avec les attentes. refaire au propre'),
(1, 1172, 'Connaissance du projet à réaliser, des fonctionnalités.'),
(1, 1174, '2ème tableau -&gt; à refaire au propre'),
(1, 1179, 'J\\\'ai participé plusieurs réunions entre les services informatiques concernant l\\\'avancement la masterisation et par la suite le déploiement.'),
(1, 1182, 'analyse des attentes, restriction et condition de la demande'),
(1, 1188, 'Comprendre et préparer \"le terrain\" afin de réussir la tâche demandée. Passage obligatoire (pour moi) afin de poursuivre le stage;'),
(1, 1196, 'Il faut que plusieurs utilisateurs puissent se connecter en même temps sur le serveur.\r\nTravail de recherche sur internet'),
(1, 1199, 'Discussion avec mon maître de stage afin d\'évaluer les différents besoins de l\'entreprise.\r\n\"Brainstorming\" afin de trouver la solution la plus adaptée.'),
(1, 1201, 'Utiliser pour gérer les alertes, avoir des informations sur la mémoire, la capacité du CPU des équipements…Les services à produire devra avoir Cacti, Weathermap et Nagvis en état de fonctionnement (trafic, icônes de Nagvis, graphes)'),
(1, 1204, 'Réunion pré-développement pour savoir ce qu\'il faudra faire'),
(1, 1207, 'Plusieurs réunions effectuées avec mon tuteur où il m\'expliquait le fonctionnement de JOOMLA/Internet/Cryptage-Hashage ainsi que le travail que j\'allais devoir effectué(Modules,Composants).'),
(1, 1208, 'Réunion avec mon tuteur pour me présenter le projet.'),
(1, 1209, 'Réunion avec mon tuteur sur le projet que je vais devoir effectué. Réunion avec les employés de l\\\'entreprise pour discuter du fonctionnement du salon CTCO.'),
(1, 1212, 'cahier des charges analysé avec le client (téléphone)de la configuration nécessaire.'),
(1, 1215, 'Comprendre le cahier des charges et le site à créer.'),
(1, 1216, NULL),
(1, 1217, NULL),
(1, 1219, 'A chaque début de semaine nous avions une réunion dans les locaux de LAN Advice pour déterminer les différentes missions a réaliser afin de s\\\'organiser. Un cahier recensait toutes les missions à réaliser. '),
(1, 1231, ''),
(1, 1232, 'Discussion avec TAB le 1er jour'),
(1, 1233, ''),
(1, 1234, 'Mise en place de cas d\'utilisation dans le cahier des charges, schématisation des idées du brainstorming, schématisation de la page d\'accueil, définitions des outils...'),
(1, 1235, 'S2 : C1.1.1.2 : Déployer des fichiers à jours sur toutes les machines disponibles qui on tous la même arborescence. '),
(1, 1236, 'S2 : C.1.1.1.1 : Script Powershell qui permet de sauver des données dans une cible et restaurer des données depuis cette source vers une autre cible donné d\'après la date de modification du fichier.'),
(1, 1241, 'S2 : C.1.1.1.2 : Installation et configuration d\'un nouveau serveur grâce à un script et un emplacement de stockage contenant les fichiers d\'installation. '),
(1, 1242, 'S2 : C.1.1.1.2 : Modification du site intranet en ajoutant des \"modules\" Fichiers, Dossiers et lien externent '),
(1, 1255, 'Analyse du CDC puis réfléxion sur l\'algorithme à creer'),
(1, 1257, 'cahier des charges '),
(1, 1258, NULL),
(1, 1260, NULL),
(1, 1262, NULL),
(1, 1266, 'cahier des charges'),
(1, 1267, NULL),
(1, 1268, NULL),
(1, 1269, NULL),
(1, 1270, NULL),
(1, 1271, NULL),
(1, 1272, NULL),
(1, 1273, NULL),
(1, 1274, NULL),
(1, 1275, NULL),
(1, 1276, NULL),
(1, 1280, NULL),
(1, 1284, NULL),
(1, 1288, 'J\'ai défini les besoins et réalisé une étude des différentes solutions'),
(1, 1290, NULL),
(1, 1291, NULL),
(1, 1292, ''),
(1, 1294, NULL),
(1, 1295, NULL),
(1, 1311, NULL),
(1, 1312, NULL),
(1, 1315, 'Document relatifs au PPE'),
(1, 1316, NULL),
(1, 1317, ''),
(1, 1319, NULL),
(1, 1327, NULL),
(1, 1329, 'Analyser les demandes et les besoins.'),
(1, 1334, 'Comprendre les besoins de l\'utilisateur grâce à ça demande pour répondre au mieux a ses attentes'),
(1, 1337, ''),
(1, 1346, NULL),
(1, 1350, 'Les membres du projet BLSoins établissent un cahier des charges des demandes des clients, des bugs et des missions. Dans le cas de l\'entreprise on prévoit un sprint sur 3 semaines.'),
(2, 80, 'Analyse des conséquences de l\\\'intégration d\\\'une nouvelle application au système de données.'),
(2, 81, 'Etudes des conséquences de l’intégration d\\\'une nouvelle application aux système.'),
(2, 443, 'Étude d\\\'un logiciel implanté dans l\\\'entreprise'),
(2, 542, 'Je me suis renseigné sur le fonctionnement de l\\\'ancien site d\\\'Ukronium1828, hébergeur etc... avant de mettre celui que j\\\'ai développé en ligne'),
(2, 607, 'Analyse des différentes parties du projet'),
(2, 608, 'Analyse des différentes parties du projet'),
(2, 1097, 'Dude fait un ping constant sur les composants réseaux pouvant entraîner une surcharge.'),
(2, 1103, 'Voir si les serveurs / machines peuvent supporter le service, tests de capacité.'),
(2, 1109, 'étude sur la position idéale du serveur et l\\\'impact de cet emplacement'),
(2, 1114, 'Amélioration de la sécurité des serveurs MySQL. Passage de MySQL Community à MySQL Enterprise sur les serveurs de bases de données.'),
(2, 1122, 'Recommandations technique minimal du logiciel immobilier utilisé dans l\\\'entreprise (Crypto v5), Contact de la société Crypto pour connaitre ces informations. '),
(2, 1167, 'test du plus pratique et du plus rapide,de l’outil de déploiement (WPKG, GPO)'),
(2, 1186, 'realiser une etude du service informatique afin de savoir si la solution est adapter '),
(2, 1188, 'Nouvelle interface, nouvelles façons de procéder, les utilisateurs devront s\'adapter à ces changements'),
(2, 1199, 'Analyse de l\'impact qu\'aurait l\'application sur les serveurs de l\'entreprise. (ralentissement, bugs, crashs, etc...)'),
(2, 1201, 'Les informations de Weathermap sont directement prises sur Cacti et de Cacti à Nagios. Cacti prend également le snmp. Le service à un impact sur la configuration des switch et peut devenir une charge en plus sur le réseau à cause des ping.'),
(2, 1232, 'Les users pourront enregistré leurs infos et leur compétences'),
(2, 1233, ''),
(2, 1241, 'S2 : C.1.1.2.1 : Connexion à la base de données existante et insertion.'),
(2, 1272, NULL),
(2, 1276, NULL),
(2, 1327, NULL),
(2, 1329, 'Vériier si les solutions proposer sont compatibles avec le sysytème déja en place.'),
(2, 1350, ''),
(3, 14, 'Etude de moyens de remontées automatiques (NRPE, WMI, SNMP, NSClient++ ...) vis-à-vis du cahier des charges'),
(3, 122, 'Etudes des propositions du client, et, proposer une solutions alternative à ce qui n\\\'est pas faisable.'),
(3, 321, '(P) Ecriture des différentes exigences attendues pour la modification d\\\'un thème Wordpress (ex : rendre le site administrable par l\\\'utilisateur) - Tâche n°14 -'),
(3, 542, 'J\\\'ai réfléchi sur le besoin de sécurité des comptes utilisateurs notamment avec le paiement e-commerce, SSL ou non, paiement direct ou non'),
(3, 1076, '/*/Sécurité connexion galerie /*/Où veut-elle placer la galerie photo? Comment l\\\'alimenter ? '),
(3, 1098, 'éxigences pour les informations dans la base de données'),
(3, 1103, 'Brainstorming lors des premières réunions afin de trouver des fonctionnalités à l\\\'application'),
(3, 1122, 'Le logiciel étant l\\\'outil de travail principale de l\\\'entreprise, le service doit être disponible en permanence.\r\nUn onduleur est donc présent sur le serveur.'),
(3, 1167, 'test de vitesse et fiabilité du service de déploiement'),
(3, 1171, NULL),
(3, 1188, 'Réunion avec ma tutrice de stage 4 fois pendant le stage et compte rendu hebdomadaire afin d\'évaluer les situations et l\'avancée du projet'),
(3, 1199, 'Organiser des discussions afin de comprendre au mieux les attentes de mon maître de stage vis à vis de l\'application.'),
(3, 1201, 'Le service devra être suffisamment lisible et esthétique sur Weathermap, Sur Nagios des icônes devront être directement visibles  et connaître le nom des équipements directement en cas de problèmes'),
(3, 1232, 'Discussion avec TAB le 1er jour , échange avec Mr DIRY, échange avec Cédric'),
(3, 1233, ''),
(3, 1253, 'Mesure du débit, comparaison avec les débits promis par Amazon dans le contrat'),
(3, 1257, 'cahier des charges '),
(3, 1266, 'cahier des charges'),
(3, 1272, NULL),
(3, 1276, NULL),
(3, 1311, NULL),
(3, 1312, NULL),
(3, 1327, NULL),
(3, 1329, 'Etudier les besoins, les attentes, les nécéssité et les trier par ordre d\'importance'),
(3, 1337, 'Prise en compte des restrictions et afin d\'appliquer la sécurisation du site'),
(3, 1350, ''),
(4, 429, 'Proposition de plusieurs interfaces.'),
(4, 463, 'Benchmark sur différentes technologies web et mobiles et différents langages afin d\\\'orienter les choix de l\\\'entreprise pour la création d\\\'un site web et d\\\'une application mobile.'),
(4, 1076, 'Création de 5 maquettes, présentés lors d\\\'un rendez-vous avec TeamViewer, choix de la maquette selon sa préférence.'),
(4, 1093, 'Créer un word avec plusieurs solutions'),
(4, 1114, 'Estimation des avantages et du coût de MySQL Enterprise pour tous les serveurs de l\\\'agence. Rédaction d\\\'une documentation technique.'),
(4, 1122, 'Présentation du dossier avec le matériel à acquérir, étude du budget avec le responsable pour conclure le dossier.'),
(4, 1179, 'Comparaison entre sccm-service et ghost par exemple'),
(4, 1188, 'Création d\'une documentation technique sur l\'utilisation du site internet (Drupal par exemple ou l\'île aux papillons, pour ma part).'),
(4, 1233, ''),
(4, 1260, NULL),
(4, 1262, NULL),
(4, 1272, NULL),
(4, 1276, NULL),
(4, 1329, 'Elaboration du cachier des charges et des solutions disponibles'),
(4, 1337, ''),
(5, 14, 'Dans la procédure d\\\'installation de FAN, j\\\'indique les caractéristiques techniques minimum nécessaires (RAM, espace disque, etc.), les recommandations en cas de virtualisation. En outre, j\\\'expose les plugins nécessaires à la supervision de services.'),
(5, 81, 'Production d\\\'une documentation technique.'),
(5, 140, 'Rédaction d\\\'un dossier de spécifications techniques.'),
(5, 141, 'Rédaction d\\\'un dossier de spécifications techniques.'),
(5, 176, '(P) Documentation sur les spécifications techniques.\r\nRépertoire des différentes fonctionnalités attendues.'),
(5, 429, 'Rédaction des différents éléments techniques mis à jour.'),
(5, 544, 'Rédaction du cahier des charges du nouveau composant logiciel'),
(5, 607, 'Rédaction de documentations'),
(5, 608, 'Rédaction de documentations'),
(5, 1076, '/*/ clique changement d\\\'image dynamique /*/ Solutions déjà existante, BootStrap, ne pas sélectionner le CSS déjà présent mais récupérer un code en ligne qui ne concerne que la partie souhaité.'),
(5, 1093, 'Redirection sur les différentes solutions utilisés'),
(5, 1096, 'Documentation sur l\'installation de bornes wifi supplémentaires à l\'usine moteur suite au constat d\'une mauvaise couverture wifi.'),
(5, 1103, 'Création de maquettes et différents plan afin de structurer mes missions.'),
(5, 1114, 'Choix de MySQL Enterprise pour son plugin d\\\'authentification qui communique avec PAM et les proxy users.'),
(5, 1122, 'Récapitulatif de la réalisation de la nouvelle solution pour le passage au nouvelle version de Windows (Microsoft Windows Server 2016, Windows Server 2012, Windows 10 v1703)'),
(5, 1155, NULL),
(5, 1215, 'Recenser les plugins, thèmes wordpress à acheter, les modifications à faire.'),
(5, 1234, '(solution retenue : nécessite ordi + Android studio + compte azure )'),
(5, 1239, 'Rédaction d\\\'un guide de modification d\\\'un script de sauvegarde.'),
(5, 1244, 'Conception du cahier des charges\r\nProposition d\'une \"logique\" de développement\r\n'),
(5, 1257, 'Création d\\\'un document Spécification technique'),
(5, 1260, NULL),
(5, 1262, NULL),
(5, 1266, 'Création d\\\'un document Spécification technique'),
(5, 1267, NULL),
(5, 1268, NULL),
(5, 1269, NULL),
(5, 1270, NULL),
(5, 1271, NULL),
(5, 1273, NULL),
(5, 1274, NULL),
(5, 1275, NULL),
(5, 1280, NULL),
(5, 1284, NULL),
(5, 1291, NULL),
(5, 1292, ''),
(5, 1294, NULL),
(5, 1295, NULL),
(5, 1311, NULL),
(5, 1312, NULL),
(5, 1315, ''),
(5, 1316, NULL),
(5, 1317, ''),
(5, 1319, NULL),
(5, 1337, 'La solution retenue étant de créer un plugin safeWP qui appliqueras certaines restrictions selon le cahier des charges de la sécurisation d\'un Wordpress.'),
(6, 14, 'J\\\'ai remarqué que les données qui transitaient par le protocole SNMP version 1 et 2 n\\\'étaient pas cryptées, qu\\\'il fallait respecter les recommandations de l\\\'espace disque du serveur et limiter l\\\'utilisation du SNMP du fait que ce protocole communique'),
(6, 122, 'Etudes des risques. Installation de sécurité en cas de mauvaise manipulation par l\\\'utilisateur.'),
(6, 443, 'Évaluation des risques liés à son utilisation'),
(6, 1097, 'Évaluation des risques d\'une mauvaise utilisation de the Dude ainsi que la non-considération d\'un risque et de ces conséquences qui peuvent être des pertes de temps.'),
(6, 1136, 'Risque humain : il faut faire attention sur un chantier, ça peut être dangereux, il faut donc évaluer les risques et utiliser les outils appropriés pour plus de sécurité. Effectuer un travail fiable pour ne pas retarder le chantier.\r\n\r\nRisque matériel : u'),
(6, 1221, 'évaluation des risques au changement du serveur SMTP utilisé par le serveur mail.'),
(6, 1235, 'S2 : C1.2.3.1 : Le choix de la source ou se trouvent les élément à être déployé doit être le bon chemin.'),
(6, 1236, 'S2 : C.1.2.3.1 :  Le choix de la source et la cible doit avoir le bon chemin.'),
(6, 1242, 'S2 : C.1.2.3.1 : Sécurisation du site par session.'),
(6, 1246, ''),
(6, 1290, NULL),
(6, 1327, NULL),
(6, 1329, 'Prendre en compte les possibles défaillance hardware ou software'),
(6, 1346, NULL),
(6, 1350, ''),
(7, 140, 'Préparation de jeux d\\\'essai pour tester l\\\'application.'),
(7, 141, 'Préparation de jeux d\\\'essai pour tester l\\\'application.'),
(7, 607, 'Réalisation de tests'),
(7, 608, 'Réalisation de tests'),
(7, 1097, '- Débrancher le câble réseau doit déclencher l\'alarme. '),
(7, 1098, 'Création des données sous phpmyadmin et voir si les relations étaient correctes.'),
(7, 1103, 'Mise en place de jeux d\\\'essai avec mon maître de stage.'),
(7, 1114, 'Tests et jeux d\\\'essai pour valider le fonctionnement du proxy/masquerading. Connexion avec différents comptes de l\\\'AD pour tester la connexion aux proxy users.'),
(7, 1136, 'Nous avons tester les connexions une fois les prises Ethernet installées. Test avec des appareils. (testeur de câblage RJ45)'),
(7, 1155, 'Réalisation du jeu d\\\'essai nécessaire aux tests du programme (formulaires pré-cochés).'),
(7, 1159, 'S1 : Réalisation de jeux d\\\'essai sur les menus et sur les informations du site.'),
(7, 1172, 'Mes tests était de lancer le script PowerShell et de vérifier à chaque fois si les user, mdp, host sont crée ainsi que les dossiers et les types des sessions.'),
(7, 1174, 'Recensement des cas d\\\'utilisations, Test des différents services PHP, JS ...'),
(7, 1182, 'test sur environement de test\r\nou environement réel dans salle dédier'),
(7, 1199, 'Création de jeux d\'essai pour tester l\'application.'),
(7, 1201, 'Les tests d\\\'acceptations sont les alertes recensées des switch sur Nagvis, Cacti et Weathermap'),
(7, 1204, 'Préparation des jeux d\'essai pour vérifier les fonctionnalités du site web'),
(7, 1219, 'Les élèves n\\\'avaient plus accès à leur espace personnel, nous avons donc dû modifier les GPO dans l’active directory. Pour vérifier nous avons dû testé l\\\'espace de stockage personnel d\\\'au moins un élève de chaque classe.'),
(7, 1231, 'Tests pour l\'intégration du formulaire de contact'),
(7, 1239, 'Réalisation de test sur un compte test pour vérifier la bonne configuration des GPOs.'),
(7, 1242, 'S2 : C.1.2.4.1 :\r\n- test de l\'insertion, suppression modification dans la base de données\r\n\r\n\r\n'),
(7, 1246, ''),
(7, 1253, 'Création des procédures de tests :\r\nscripts bat'),
(7, 1257, 'Élaboration des jeux d\\\'essais'),
(7, 1266, 'Élaboration des jeux d\\\'essais'),
(7, 1267, NULL),
(7, 1268, NULL),
(7, 1269, NULL),
(7, 1270, NULL),
(7, 1271, NULL),
(7, 1272, NULL),
(7, 1273, NULL),
(7, 1274, NULL),
(7, 1275, NULL),
(7, 1276, NULL),
(7, 1280, NULL),
(7, 1284, NULL),
(7, 1287, 'Tests Calculs'),
(7, 1290, NULL),
(7, 1291, NULL),
(7, 1292, ''),
(7, 1294, NULL),
(7, 1295, NULL),
(7, 1311, NULL),
(7, 1312, NULL),
(7, 1317, ''),
(7, 1319, NULL),
(7, 1327, NULL),
(7, 1337, 'Vérification du bon fonctionnement des différentes fonctions et de l\'attribution des variables avec l\'utilisation du \"echo\"'),
(7, 1347, NULL),
(8, 122, 'Définitions des informations visible selon les rôles, et attributions de ces rôles aux utilisateurs.'),
(8, 1156, 'Les utilisateurs sont les salariés et le chef de projet. Les droits sont répartis par projet/tache par le créateur de ceux-ci ou un administrateur. Le service nécessite un serveur de déploiement et peut être exécuté en local pour test. Le niveau d\'habila'),
(8, 1159, 'S1 : Créations d\\\'utilisateurs pour différents services pour les différents besoins. 3 niveaux de administration.'),
(8, 1204, 'Séparation d\'un lien administrateur et d\'un lien utilisateur'),
(8, 1329, 'Etablier les accès administrateur et utilisateur en fonction des besoins'),
(8, 1346, NULL),
(9, 14, 'Mise en place de Centreon/Nagios par FAN sur un serveur virtuel et accès à la plateforme de supervision via un navigateur à l\\\'adresse http://IP-du-serveur/'),
(9, 140, 'Test, et rédaction de rapport de test des applications.'),
(9, 141, 'Test, et rédaction de rapport de test des applications.'),
(9, 429, 'Tests du nouveau annuaire via le backoffice du site (prévisualisation). '),
(9, 543, 'Test du service sur un poste client distant exploitant le web service '),
(9, 544, 'Mise en place de l\\\'environnement de test'),
(9, 607, 'Tests tout au long du développement'),
(9, 608, 'Tests tout au long du développement'),
(9, 1076, 'Serveur de test personnel, possibilité de modifier et de tester plus en profondeur le XPX, tester l\\\'intégration de la solution technique.'),
(9, 1097, 'J\'ai installé le logiciel sur les moniteurs puis testé le service en débranchant le câble réseau. Sur la documentation, j\'y ai inscrit le test à réaliser et les résultats.'),
(9, 1103, 'Serveur de tests'),
(9, 1114, 'Mise en place de l\\\'environnement de test sur des machines virtuelles. Test sur proxy et du masquerading. Test de la connexion à MySQL avec les comptes de l\\\'AD. Test des proxy users. Rédaction d\\\'un rapport.'),
(9, 1155, 'Réalisation des tests.'),
(9, 1156, 'La mise en place de l\'environnement a necessité l\'installation de python 2.7 et du framework Flask permettant l\'utilisation de la base de données initialement liée à l\'application. Le service fonctionne alors sur navigateur en localhost associé au por'),
(9, 1159, 'C1.3.1.2 :une fois l\\\'appli développé, j\\\'ai effectuer des séries de test sur le zenfone2 sous android 4.3.'),
(9, 1167, 'Test sur un environnement de test'),
(9, 1196, 'Test réalisé:Se connecter avec plusieurs PC sur le serveur en même temps'),
(9, 1199, 'Utilisation de serveurs de tests liés à l\'application afin de limiter les risques lors du déploiement en serveur de production.'),
(9, 1201, 'J\\\'ai testé le service avec des switch qu\\\'on savait en panne sur le réseau et d\\\'autres fonctionnels. '),
(9, 1204, 'Développement sur uWamp en local pour la mise en place du service avant l\'intégration'),
(9, 1209, 'Mise en ligne de mon service testé préalablement et vérification de son bon fonctionnement.\r\nCompte-rendu des tests avec mon tuteur et collègue de travail.'),
(9, 1236, NULL),
(9, 1239, 'Tests sur la tablette pour confirmer que les utilisateurs ne puissent pas utiliser d\\\'autres fonctionnalités ou d\\\'autres liens web que ceux du formulaire de satisfaction des rdv quasi résident.'),
(9, 1257, 'Test en ligne du service'),
(9, 1266, 'Test du projet en ligne'),
(9, 1267, NULL),
(9, 1268, NULL),
(9, 1269, NULL),
(9, 1270, NULL),
(9, 1271, NULL),
(9, 1273, NULL),
(9, 1274, NULL),
(9, 1275, NULL),
(9, 1280, NULL),
(9, 1284, NULL),
(9, 1290, NULL),
(9, 1291, NULL),
(9, 1292, ''),
(9, 1294, NULL),
(9, 1295, NULL),
(9, 1311, NULL),
(9, 1312, NULL),
(9, 1317, ''),
(9, 1319, NULL),
(9, 1327, NULL),
(9, 1333, NULL),
(9, 1334, 'Vérifier que le compte utilisateur créé fonction que les mails arrivent et que tout fonctionne'),
(9, 1347, NULL),
(10, 1104, 'Le switch sert à la redondance lorsque le switch de base tombe en panne.'),
(10, 1156, 'Les éléments  à sauvegarder et journaliser sont les insertions de pièces jointes (heuro-datées + nom créateur), les taches et projets accomplis à 100% sont historisés dans un onglet spécifiques, une version back up de la BDD est disponible sur le git '),
(10, 1201, 'J\\\'ai identifié les différents éléments à sauvegarder tels que les logs et les backup.'),
(10, 1204, 'Sauvegarde régulier des fichiers et dossier sous un .rar pour conserver une version stable'),
(10, 1333, NULL),
(11, 14, 'En fin de stage, j\\\'ai réalisé une réunion sur tout ce qui a été mis en place et j\\\'ai informé et formé l\\\'administrateur système et technicien &amp; technicien support sur l\\\'utilisation et le fonctionnement de Nagios/Centreon.'),
(11, 185, 'Formation des utilisateurs : explication orale au responsable, concernant l\\\'utilisation de l\\\'application et réalisation d\\\'une documentation utilisateur laissée à disposition des utilisateurs.'),
(11, 429, 'Explication de l\\\'utilisation de l\\\'annuaire aux membres de l\\\'entreprise.'),
(11, 446, 'Accompagnement des membres de l\\\'entreprise de la mise en place du logiciel'),
(11, 480, 'Vers la fin du stage, rédaction d\\\'un document pour expliquer comment mettre en place localement le site développé et expliquer son fonctionnement'),
(11, 542, 'Mise en ligne du site sur 1&amp;1 et formation des employés d\\\'Ukronium1828 à l\\\'utilisation du back-office'),
(11, 1076, 'Renseigner l\\\'utilisateur sur la mise en place d\\\'une galerie photo. (Nouvelle ajout -&gt; Ajout d\\\'image -&gt; Position , etc...)'),
(11, 1097, 'Organisation et animation de la formation des collègues à l\'utilisation de The Dude. '),
(11, 1098, 'Présentation du fonctionnement par powerpoint'),
(11, 1103, 'Validation des Merges requests nécessaires à la validation du déploiement.'),
(11, 1114, 'Documentation pour mettre en place le service de sécurisation de l\\\'accès aux serveurs de base de données'),
(11, 1140, 'Procédures pour installer ou mettre en place un service à destination des techniciens.'),
(11, 1156, 'J\'ai formé mes collègues à l\'utilisation de la nouvelle interface de l\'application web'),
(11, 1157, 'Dans cette partie j’ai dû tester le nouveau master mis en place par le service déploiement, ce master a été fait en urgence et donc n’a pas pu être testé avant j’ai donc été la première à l’utiliser.'),
(11, 1159, 'C1.3.3.2: quelques petites réunion sur l\\\'avancement du projet et pour informer les futurs utilisateurs du fonctionnement de l\\\'application web et mobile.'),
(11, 1172, 'Pour ce faire, rien de plus simple, il on juste à lancer le script PowerShell et les sessions vont se crée sous RDM avec l\'id qu\'ils auront choisit.'),
(11, 1201, 'J\\\'ai formé les utilisateurs par des procédures.'),
(11, 1204, 'Formation du maître de stage à l\'utilisation de l\'application web'),
(11, 1212, 'installation sur site de firewall, et expliquer le fonctionnement au utilisateur.'),
(11, 1218, 'Avant de commencer le déploiement il a fallu attribuer un poste à chaque utilisateur. Pour cela les administrateurs de la banque nous ont donné une liste avec tous les noms et les étages des différents utilisateurs concernés par le changement de poste. Ce'),
(11, 1220, 'Installation et configuration de borne wifi Alcatel-lucent.'),
(11, 1231, ''),
(11, 1232, 'Présentation du vendredi 2/03 '),
(11, 1233, ''),
(11, 1236, 'S2 :C.1.3.3.2 : Document de test sur les deux scripts de sauvegarde pour informer les utilisateurs des utilisations.'),
(11, 1241, 'S2 : C.1.3.3 : Accompagnement des utilisateur durant l\'installation avec des annotations dans le déroulement de l\'installation.'),
(11, 1308, 'Configuration des sessions sur le nouveau serveur RDS, connexion sur le logiciel outlook sur chaque session utilisateur, imprimante'),
(12, 122, 'Mise en production de l\\\'application Web.'),
(12, 140, 'Déploiement de l\\\'application Web sur le serveur.'),
(12, 141, 'Déploiement de l\\\'application Web sur le serveur.'),
(12, 185, 'Mise en production de l\\\'application : déploiement de l\\\'application sur l\\\'ordinateur du responsable.'),
(12, 429, 'Mise en ligne du contenu modifié.'),
(12, 446, 'Mise en place du logiciel sur le NAS'),
(12, 542, 'Déploiement de l\\\'application web Ukronium1828 sur 1&amp;1'),
(12, 543, 'Mise en place du connecteur sur l\\\'application (mise en production réalisée par un collègue) via Eclipse'),
(12, 544, 'Déploiement du service sur le portail applicatif via Eclipse'),
(12, 1076, 'Sélectionner les fichiers modifier, repérer les bouts de code à mettre à jour. Préparer l\\\'intégration sur le serveur de pré-production, puis implantation sur le serveur de post-production.'),
(12, 1103, 'Déploiement grâce à Git.'),
(12, 1119, 'Déploiement d\\\'un poste Windows 7 Pro. Installation de périphériques : Postes et câbles.'),
(12, 1122, 'Création d\\\'une image Système Windows avec préparation Sysprep, déploiement sur les différents postes.'),
(12, 1140, 'Réalisation de la procédure d\\\'activation du Multi-utilisateurs sous Windows Server 2016'),
(12, 1156, 'Le service est en exploitation sur un serveur linux de l\'entreprise, étant donné qu\'il s\'agit uniquement d\'un script à exécuté en local, il a juste fallu installer python 2.7 + Flask sur le serveur et exécuté le script qui se rafraîchit tout seul à ch'),
(12, 1157, 'Pour cette partie j’ai mis en place une procédure concernant la mise en œuvre de l’installation du master sur ces postes.'),
(12, 1160, 'Pour exécuter la campagne j\\\'ai du déployer GoPhish sur une machine'),
(12, 1163, NULL),
(12, 1167, 'configuration des package wpkg'),
(12, 1172, 'Création d\'un script PowerShell automatisé pour crée les sessions demandées.'),
(12, 1180, 'Création d\'un document expliquant la procédure à suivre pour installer des composants logiciels nécessaire à l\'utilisation d\'outils métiers.'),
(12, 1186, 'installation par script automatisé .\r\nrealisation de ce service et test.\r\n'),
(12, 1196, 'Réalisation d\\\'une procédure d\\\'installation du service'),
(12, 1199, 'Déploiement grâce à Jazz (plateforme de partage propre au Crédit Agricole)'),
(12, 1201, 'J\\\'ai configuré les application de Cacti, Weathermap et Nagvis.'),
(12, 1204, 'Création d\'un .sql et d\'un .rar pour une sauvegarde et automatiser l\'installation de la solution depuis un serveur local à production'),
(12, 1211, 'installation hardware xivo sur un réseau, installer et relié les terminaux.'),
(12, 1214, 'Déploiement d\'un écran de supervision afin d\'avoir un visuel en continu sur l\'état du parc informatique de la banque grâce au service déjà existant : Check_MK.'),
(12, 1220, 'Déploiement de bornes wifi Alcatel-lucent.'),
(12, 1231, ''),
(12, 1235, 'S2 : C1.3.4.3 : Mise en place du service sur le serveur commun de l\'entreprise. L’exécuteur viens le récupérer et l\'utiliser en local sur sa machine a condition d\'être administrateur et d\'être relier au réseaux.'),
(12, 1236, 'S2 : C.1.3.4.2 : Script automatisé sur la sauvegarde des fichiers. '),
(12, 1239, 'Installation et configuration d\\\'un WSUS.'),
(12, 1272, NULL),
(12, 1276, NULL),
(12, 1289, 'Automatisation la sauvegarde de la base de données et déploiement du service web.'),
(12, 1290, NULL),
(12, 1299, 'Déploiement de bornes wifi Alcatel-lucent.'),
(12, 1300, 'Déploiement de bornes wifi dans une salle.'),
(12, 1313, 'déploiement d\'un nouveau pare feu'),
(12, 1314, 'mise en place de nouveaux postes'),
(12, 1323, 'Automatisation de la sauvegarde par robocopy'),
(12, 1324, 'Déploiement du nouveau service chez le client (serveur, PC)'),
(12, 1326, 'Automatisation de l\'installation/configuration de Windows grâce à la masterisation'),
(12, 1327, NULL),
(12, 1333, NULL),
(12, 1345, 'En ce moment, l\'équipe en charge de cela possède un gros projet qui est de migrer tous les PC du site Windows 7 vers le système d\'exploitation Windows 10.'),
(13, 14, 'Au sein du service infrastructure, nous avons établi un planning sur les objectifs attendus. De plus, je générais un rapport d\\\'activités journalier mis à disposition des employés.'),
(13, 16, 'Participation au Développement de l\\\'application web : Environnement numérique de travail d\\\'exalta.'),
(13, 80, 'Travail sur l\\\'application et production de document permettant de rendre compte du travail effectué.'),
(13, 81, 'Participation au projet et production d\\\'une documentation.'),
(13, 122, 'Participation au projet du stage. Développement de l\\\'application Web. Rendre compte au maître de stage.'),
(13, 177, '(P) Mise au point d\\\'un planning pour la gestion du temps et démonstration de l\\\'application au fur et à mesure de l\\\'avancement.'),
(13, 321, '(P) Utilisation d\\\'une application permettant de gérer les tâches et rendre compte de son travail et constater l\\\'avancement.'),
(13, 363, 'Gestion du projet en tant que chef de projet.\r\nCompte-rendu oral de l\\\'avancement du projet de la part de chaque membre de l\\\'équipe.'),
(13, 406, ''),
(13, 429, 'Participation au projet de rénovation d\\\'une partie du site.'),
(13, 480, 'Dans un projet de création d\\\'entreprise, j\\\'ai été responsable de la partie développement.\r\nRapport quotidien de l\\\'avancement par mail.'),
(13, 542, 'Projet de création du site web d\\\'Ukronium1828. Rapport continu de l\\\'avancement, travaillant dans le même bureau que le patron, + rapport hebdomadaire écrit'),
(13, 543, 'Compte rendu des activités au chef de projet quotidiennement'),
(13, 544, 'Compte rendu d\\\'activités au chef de projet'),
(13, 605, 'Participation à un projet de dev C#. Compte rendu via un Gant'),
(13, 607, 'Exploitation d\\\'un diagramme de Gantt'),
(13, 608, 'Exploitation d\\\'un diagramme de Gantt'),
(13, 609, 'Participation à un projet de dev PHP. Compte rendu via un Gant'),
(13, 917, 'Réunion hebdomadaire.'),
(13, 1076, 'Sprint fixé chaque semaine, rendre-compte à l\\\'oral du projet et montrer l\\\'avancement du projet à mon maître de stage.'),
(13, 1088, 'Suivis sur Trello'),
(13, 1098, 'Planning Sur trello'),
(13, 1103, 'Utilisation d\\\'un trello afin de se fixer des objectifs.'),
(13, 1109, 'participation au projet du développement d\\\'un site web (je me suis occupé de la partie serveur, matérielle)'),
(13, 1114, 'Rédaction d\\\'un planning et diagramme de Gantt. Compte rendu des activités hebdomadaire.'),
(13, 1119, 'Etablissement d\\\'un planning pour le déploiement de chaque classe.'),
(13, 1122, 'Organisation du travail, de la sorte que j\\\'ai toujours quel que chose à faire, avec compte rendu oral chaque jour en fin de journée.'),
(13, 1125, 'Avancé de la formation ainsi que du rendu de la formation, La mise en commun du travail de gestion du son'),
(13, 1133, 'Différents types de tickets à traiter selon son avancement (Tickets liés, Tickets suivis, Tickets à clôturer)'),
(13, 1135, 'Compte rendu le 22 juin avec tédé isabelle et laurent'),
(13, 1136, 'Participation à l’avancement du projet : conformité et avancement vérifier par l\\\'architecte du projet.'),
(13, 1153, 'Tâches découpées en nombre de jours.'),
(13, 1155, 'Échanges mails.'),
(13, 1156, 'Mise en place via le service d\'une répartition des heures pour compléter les modifications supplémentaires. Réunions bilans 2 fois par semaine (Lundi et jeudi/vendredi)'),
(13, 1159, 'S1 : Seul sur le projet,\r\nMatériel à disposition : mon matériel de développent(pc portable intel core i3, 8Go de ram, écran tactile, avec accès réseaux )'),
(13, 1160, 'La campagne est un projet sur la majeur partie de mon stage qui nécessite de rendre compte à la fin de celle-ci.'),
(13, 1167, 'projet de mise a jour de PGI'),
(13, 1169, 'Suivis Trello -&gt; SNMP'),
(13, 1170, 'Le projet a pour but de faciliter le travail de l’architecte réseau qui gérait les adresses ip, DNS, DHCP... via un fichier excel'),
(13, 1171, NULL),
(13, 1172, 'Chaque jour, je devais faire en sorte que le script fonctionne avec du plus, des fonctionnalité supplémentaire. Création dossier, mdp, type...'),
(13, 1174, 'suivis trello -&gt;  SNMP'),
(13, 1179, 'Pour l’installation et le déploiement des nouveaux Pc pour professionnaliser et faciliter la mise en place de  cette tâche j’ai opté pour un document Excel contenant toutes les informations nécessaires : le nom du Pc, le nom et le service de la personne e'),
(13, 1199, 'Mise en place d\'objectifs quotidiens afin d\'avancer petit à petit.'),
(13, 1201, '- Établissement d\\\'un planning selon les missions d\\\'EON\r\n- J\\\'ai rendu compte de mon activité chaque jour lors des réunions'),
(13, 1204, 'Chaque fin de jour ou semaine je rendais compte de mon activité en fonction de l\'avancé du projet'),
(13, 1209, 'Améliorations du site de HEMKA -&gt; SuperPictor\r\nCréation d\\\'une Newsletter pour attirer les gens à venir découvrir SuperPictor au salon CTCO.'),
(13, 1210, 'un planning précis avait été définit lors du déploiement, de la récupération et du listing, des point était fait au fur et à mesure de l\'avancement du déploiement.'),
(13, 1215, ''),
(13, 1216, NULL),
(13, 1217, NULL),
(13, 1220, 'Rendre compte des activités du projet comme la mis à jour des gestions de configurations de l’organisme, mise en place de bornes wifi et réalisation de plusieurs maquettes.'),
(13, 1225, 'Mise à jour vers Windows 10.'),
(13, 1230, 'Effectué en télétravail, ce stage m\'a permis d\'avoir une très grande liberté dans mon organisation et mon planning que je devait gérer, je rendais compte de mon activité au minimum 1 fois par semaine par rendez vous, par mail et par téléphone'),
(13, 1232, 'Dossier partagé avec cédric sur les taches a accompir'),
(13, 1233, ''),
(13, 1234, 'planning personnel adapté aux priorités : production d\'un cahier des charges en accord avec la demande de mon maitre de stage'),
(13, 1239, 'Tablette + WSUS.'),
(13, 1242, 'S2 : C.1.4.1.1 : Tant que j’avais à disposition mon PC et Internet j\'avais un planning à temps plein sur ce projet. '),
(13, 1243, NULL),
(13, 1249, NULL),
(13, 1257, ''),
(13, 1260, NULL),
(13, 1262, NULL),
(13, 1266, ''),
(13, 1267, NULL),
(13, 1268, NULL),
(13, 1269, NULL),
(13, 1270, NULL),
(13, 1271, NULL),
(13, 1273, NULL),
(13, 1274, NULL),
(13, 1275, NULL),
(13, 1278, 'Participation au projet téléphonique'),
(13, 1280, NULL),
(13, 1284, NULL),
(13, 1290, 'Etablissement d\'un projet :création d\'un serveur Excel dans le contexte GSB.'),
(13, 1291, NULL),
(13, 1292, ''),
(13, 1294, NULL),
(13, 1295, NULL),
(13, 1296, NULL),
(13, 1297, NULL),
(13, 1299, 'Mise en place de bornes wifi ALcatel-lucent.'),
(13, 1300, 'Mise en place de bornes wifi.'),
(13, 1309, 'Réalisation de plusieurs maquettes.'),
(13, 1310, 'Planning Taïga, gestion de projet pour que chaque collaborateurs est accès au taches à réaliser.'),
(13, 1311, NULL),
(13, 1312, NULL),
(13, 1315, 'Projet de groupe'),
(13, 1316, NULL),
(13, 1317, ''),
(13, 1319, NULL),
(13, 1324, 'J\'ai participer au projet de déploiement de réseau chez les clients. des solutions proposé, des services...'),
(13, 1325, 'Mise en place d\'un planning pour la refonte du site internet'),
(13, 1327, NULL),
(13, 1332, 'Le service IT du site a pour projet de rajouter des bornes wifi dans les usines puis un peu partout sur le site Renault Trucks Vénissieux et c\'est pour cela que récolter ces données est très important pour ce futur projet.'),
(13, 1333, NULL),
(13, 1350, ''),
(14, 14, 'J\\\'ai adapté mes investigations en fonction du planning et des difficultés/écarts rencontrés durant le projet.'),
(14, 80, 'Suivis du travail des différents membres de l\\\'équipe, analyse du retard ou de l\\\'avance prise sur le planning établit, évaluation des performances de l\\\'équipe.'),
(14, 446, 'Utilisation du logiciel (gestion de projets)'),
(14, 607, 'Conception d\\\'un diagramme de Gantt'),
(14, 608, 'Conception d\\\'un diagramme de Gantt'),
(14, 1122, ''),
(14, 1136, 'Le projet a pris du retard, il aurait du se terminer le 15 juin et le délai a été repoussé à début juillet. l\\\'architecte a demandé du câblage non prévu initialement'),
(14, 1163, NULL),
(14, 1172, 'Le projet, je l\'ai suivi jusqu\'au bout car quand j\'ai commencé les projet, il n\'y avait rien. Sujet de stage'),
(14, 1173, 'Définition des valeurs \\&quot;clés\\&quot; permettant de suivre l\\\'avancement du projet'),
(14, 1179, 'Dans ce projet j’ai pu suivre l’avancement de ce projet avec le document Excel que j’ai réalisé juste avant, il m’a servi essentiellement à savoir à quelle vitesse le projet avancer. '),
(14, 1188, 'Suivi du projet grâce au planning et évaluation du temps restant chaque semaine avant échéance'),
(14, 1201, 'J\\\'ai suivi l\\\'exécution du projet et analysé les écarts entre le temps prévu (le temps du stage) et le temps que j\\\'ai mis pour réaliser mes tâches. J\\\'ai contribué à l\\\'évaluation du projet lors des présentations de l\\\'outil.'),
(14, 1204, 'Évaluation des contraintes utilisateurs, administrateurs, proposer de nouvelles solutions'),
(14, 1210, 'un planing précis avait déjà été effectuer, celui ci variai en fonction de l\'avancement du déploiement et des problèmes rencontrés'),
(14, 1220, 'Contribuer à l\\\'évaluation du projet en mettant à jour la gestion des configurations de la mairie et en réalisant des maquettes explicant le mode de fonctionnement de certains switchs hp, routeur et borne wifi.'),
(14, 1225, 'Suivi de l’exécution du projet.'),
(14, 1235, 'S2 : C1.4.2.3 : Test en production avec le chef de projet sur toutes les machines disponibles pour éventuellement corriger les erreurs.'),
(14, 1249, NULL),
(14, 1278, 'Suivi du projet téléphonique '),
(14, 1350, ''),
(14, 1351, NULL),
(15, 14, 'J\\\'ai su géré la supervision d\\\'éléments de réseau en fonction des ressources mises à disposition : IP de tel serveur, les identifiants, l\\\'accès à distance, l\\\'accès à internet, etc.'),
(15, 122, 'Estimations du temps de travail en fonction du nombres de personnes travaillant sur le projet. Affectation des tâches.'),
(15, 446, 'Gestion des ressources avec ce logiciel'),
(15, 542, 'Analyse des moyens financiers de l\\\'entreprise et rétractation à l\\\'utilisation seulement de services gratuits'),
(15, 1119, 'Recenser les logiciels qui a dans chaque postes. Pour chaque classes établir une sauvegarde complète en fonction du besoin.'),
(15, 1140, 'Ressources logicielles : Bonita BPM'),
(15, 1171, NULL),
(15, 1179, 'Mon planning concernant le déploiement des PC a dû être adapté, car malheureusement le service déploiement a acheté du matériel informatique plus précisément des écrans non adaptés aux PC acheté : les écrans nécessités de câbles HDMI alors que les PC n’av'),
(15, 1188, 'Prise de connaissance des ressources nécessaires et disponibles afin de réaliser le projet'),
(15, 1210, 'Gestion du temps et de l\'organisation nécessaire à l’exécution de la missions'),
(15, 1220, 'Recenser l\\\'inventaire du parc informatique de la mairie de Vaulx en Velin comme les switchs, les modems, les bornes wifi et les routeurs.\r\nMise en place d\\\'un document Excel pour répertorié l\\\'inventaire du parc informatique.'),
(15, 1234, 'RH : 1 (moi)\r\nRM : pc\r\nBudget : dépend de la solution '),
(15, 1235, 'S2 : Seul sur le projet,\r\nMatériel a disposition : Ordinateur fixe processeur intel core i7, 16GO RAM, SSD 1To, avec accès réseaux \r\nLogiciels : Sublime text et Powershell ISE'),
(15, 1236, 'S2 : Seul sur le projet,\r\nMatériel à disposition : Ordinateur fixe processeur intel core i7, 16GO RAM, SSD 1To, avec accès réseaux \r\nLogiciels : Sublime text et Powershell ISE'),
(15, 1241, 'S2 : Seul sur le projet,\r\nMatériel a disposition : Ordinateur fixe processeur intel core i7, 16GO RAM, SSD 1To, avec accès réseaux '),
(15, 1242, 'S2 : Seul sur le projet,\r\nMatériel à disposition : Ordinateur fixe processeur intel core i7, 16GO RAM, SSD 1To, avec accès réseaux '),
(15, 1257, 'Création d\\\'un Trello pour gérer et se donner les différentes tâches du projet'),
(15, 1266, 'Création d\\\'un Trelo pour gérer et se donner les différentes tâches du projet'),
(15, 1278, 'Recenser le matériel, logiciels et les coûts pour le nouveau projet. Création d\\\'un planning pour le projet'),
(15, 1290, NULL),
(15, 1296, NULL),
(15, 1297, NULL),
(15, 1307, 'Choix de l\\\'offre en fonction de différent critère (Prix, fonctionnalité...)'),
(15, 1311, NULL),
(15, 1312, NULL),
(15, 1326, 'Voir comment je peux configurer ces ordinateurs rapidement sans trop surcharger le réseau car cela demande beaucoup de débit et de ressource donc par exemple en lancer le midi avant de partir déjeuner et le soir avant de partir comme ca pas trop de gêne'),
(15, 1335, 'Eviter de gêner les employés dans leurs travail le temps du changement d\'ordinateur'),
(15, 1351, NULL),
(15, 1353, 'Appeler les utilisteurs espagnol, parler en espagnol et prendre rdv avec eux pour leurs mettre a jour office sans perturber leurs travail'),
(16, 16, 'Démonstration et explication du fonctionnement de l\\\'application aux employés.'),
(16, 122, 'Formation du maître de stage à CodeIgniter.'),
(16, 185, 'Présentation de l\\\'application répondant correctement aux besoins des utilisateurs.\r\nAide à l\\\'utilisation de l\\\'application lorsqu\\\'une partie de celle-ci était déployée.'),
(16, 429, 'Consultation de l\\\'équipe pour changements éventuels, prise en compte de la satisfaction'),
(16, 446, 'Accompagnement des membres de l\\\'entreprise sur l\\\'utilisation du logiciel'),
(16, 542, 'Formation des employés Ukronium1828 à l\\\'utilisation du back-office et à WordPress'),
(16, 1076, 'S\\\'assurer de la bonne compréhension du service, laisser son numéro pour qu\\\'elle puisse nous joindre en cas d\\\'incompréhension du service proposé.'),
(16, 1097, 'Par une formation, j\'ai aidé les utilisateurs à gérer le logiciel et j\'ai assuré un suivi par une vidéo et une documentation.'),
(16, 1122, 'Aide sur l\\\'utilisation du nouveau système d\\\'exploitation Windows 10 '),
(16, 1156, 'Explication des nouvelles fonctionnalités, retours de mon maitre de stage très satisfaisants'),
(16, 1159, 'S1 : La méthode agile à été appliquer pour la conception du projet afin de répondre plus rapidement aux évolutions des demandes de l’utilisateur.'),
(16, 1161, 'accompagnement au utilisateur sur de nouveau service / machine'),
(16, 1179, 'Lors de chaque déploiement de nouveau PC les utilisateurs me demander de leur expliquer les principaux changements avec les anciens PC, je leur ai donc expliqué comment allumer les PC, comment se connecter à citrix directement, je leur ai montré les diffé'),
(16, 1197, 'Dans cette partie j’ai réalisé plusieurs procédures que ce soit pour les utilisateurs mais aussi pour les membres du service informatique, dans le but de gagner du temps vu qu’ils n’auront plus qu’à suivre les étapes. '),
(16, 1201, 'Appropriation du service des utilisateurs par des procédures et formations. J\\\'ai rendu compte de la satisfaction des utilisateurs en leur demandant d\\\'autres équipements qu\\\'ils voulaient ajouter.'),
(16, 1204, 'Aider le maître de stage à s\'approprier le logiciel'),
(16, 1209, 'Si client avait un problème pour accéder à la nouvelle page -&gt; indication pour accéder à la nouvelle page et explication brève de la page'),
(16, 1210, 'indiquer au utilisateur les différence de leur nouveau mobile'),
(16, 1216, NULL),
(16, 1218, 'Il a fallu aller au contact de chaque utilisateurs pour leur demander ce qu\'ils voulaient conserver afin de migrer leurs données de l\'ancien poste au nouveau. Il fallait donc un retour positif des utilisateurs en s\'assurant que leur messagerie et leurs fa'),
(16, 1220, 'Aider les utilisateurs en cas de pannes et d\\\'incidents concernant la connexion des réseaux.'),
(16, 1230, 'Explication à la cliente de comment j\'ai construit le site ainsi que les outil que j\'ai utilisé afin qu\'elle puisse y revenir dessus au cas où ça serait necessaire'),
(16, 1232, 'Présentation du vendredi 2/03 '),
(16, 1233, 'Compte-rendu pour l\'utilisateur afin de lui expliquer comment fonctionne l\'application'),
(16, 1235, 'S2 : C2.1.1.1 : Indication en début de script pour aider les utilisateur à utiliser le script.'),
(16, 1236, 'S2 : C.2.1.1.1 : Accompagnement au fur et à mesure du déroulement du script.'),
(16, 1241, 'S2 : C2.1.1.1 : aide dans le ReadMe'),
(16, 1242, 'S2 : C.2.1.1.1 : Schémas et doc de la base de données et commentaire sur le code pour aider la reprise'),
(16, 1249, NULL),
(16, 1324, 'J\'ai aider les utilisateurs avec leur nouveaux service, j\'ai répondu a leur question dans la mesure du possible'),
(16, 1335, 'Fournir un guide ou former les utilisateurs à l\'utilisation des nouveaux équipement.'),
(17, 14, 'j\\\'ai supervisé différents services tels que le http, FTP, SMTP... \r\nJ\\\'ai analysé des graphes portant sur la disponibilité de services supervisés.'),
(17, 542, 'Analyse de la vitesse (https://developers.google.com/speed/pagespeed/insights/), sécurité, responsive du site'),
(17, 1122, 'Test de la confidentialité du partage de fichier SMB Windows'),
(17, 1201, 'EON est un outil de supervision. Son tableau de bord permet l\\\'analyse des différents services. Rapports d\\\'activités annoncés lors des points journaliers. Une alerte: EON envoie un mail au responsable des équipements réseaux.'),
(17, 1216, NULL),
(17, 1219, 'Pour que la qualité de service soit maintenue nous devions être à l\\\'écoute des professeurs. En effet chacun avait besoin de logiciel spécifique selon sa matière. Il à aussi fallu renouveler des licences et dépanner des postes. Si un professeurs n\\\'a pas '),
(17, 1220, 'Exploitation d\\\'ancien fichiers de gestion des configurations dans des fichiers Excel et World et mis à jour.'),
(17, 1225, 'Supervision du bon fonctionnement de la migration et des nouvelles fonctionnalités de Windows 10.'),
(17, 1235, 'S2 : C2.1.2.4 : prise de conscience sur l\'utilisation du script et des éventuelles correction/ajout.'),
(17, 1241, 'S2 : C2.1.2.4 : prise de conscience sur l\'utilisation du script et des éventuelles correction/ajout.'),
(17, 1246, ''),
(17, 1290, NULL),
(17, 1325, 'vérification de la totalité du site internet de interstis'),
(17, 1333, NULL),
(18, 112, 'j\\\'ai résolu des problèmes d\\\'ordre matériel, logiciel, etc.\r\nj\\\'ai suivi des documentations internes à l\\\'entreprise, assisté des utilisateurs, utilisé une plateforme de gestion des tickets d\\\'incidents (GLPI) pour le suivi et la résolution...'),
(18, 166, 'j\\\'ai résolu des problèmes d\\\'ordre matériel, logiciel, etc.\r\nj\\\'ai suivi des documentations internes à l\\\'entreprise, utilisé une plateforme de gestion des tickets d\\\'incidents (GLPI) pour le suivi et la résolution...'),
(18, 442, 'Rédaction d\\\'un rapport de demande d\\\'assistance'),
(18, 1119, 'Problèmes liées à de mauvaises manipulations et résolution par l\\\'intermédiaire de ses propres connaissances ou du maître de stage.'),
(18, 1122, 'Bureau à distance lors de la configuration et la de la résolution d\\\'incident');
INSERT INTO `port_activitecitee` (`idActivite`, `refSituation`, `commentaire`) VALUES
(18, 1133, 'On fait évoluer un ticket de son début jusqu\\\'à sa clôture \r\nOn procède à un suivi fréquent sur les tickets en cours'),
(18, 1152, 'Prendre le contrôle d\\\'un système à distance (ordinateurs clients avec TeamViewer)'),
(18, 1161, 'écouter / lire le problèmes , le diagnostiquer puis le résoudre.\r\nj\\\'ai personnellement participer ou vue que des problèmes mineur et déjà connu (panne matérielle, ou formatage poste). \r\ntest , suivi et maintenance de dysfonctionnement d\\\'un server'),
(18, 1166, 'Impossibilité d\\\'avancer sur GuppY, car ce CMS etait obsolète\r\n\r\n'),
(18, 1172, 'Prendre le contrôle à distance de système windows, windows server, linux, SAP pour tester les connexions.'),
(18, 1185, 'Prise de contrôle à distance d\\\'un système.\r\nSuivre la résolution d\\\'un incident.\r\n\r\n'),
(18, 1198, 'Grâce à GLPI j\\\'ai pu résoudre plusieurs incident soit par téléphone soit en prenant le contrôle sur leur poste grâce à TeamViewer.'),
(18, 1200, 'Résoudre un incident de niveau 1 par téléphone et prise de contrôle à distance. Aide grâce à la base de connaissances.'),
(18, 1216, NULL),
(18, 1219, 'Les failles Meltdown et Spectre ont touché le collège, rendant hors service une dizaine de poste.  Pour plus que ce problème se reproduise nous avons utilisé le serveur WSUS afin de gérer le déploiement des mises à jour.'),
(18, 1220, 'Dépannages et résolution d\\\'incidents avec l\\\'équipe infrastructure réseau.'),
(18, 1235, 'S2 : C2.2.1.2 : prise de contrôle à distance sur deux serveurs où les mises à jours seront effectué pour effectuer des test du script avec l\'outil MSTSC. '),
(18, 1236, 'S2 : C2.2.1.2 : prise de contrôle à distance sur un serveur où les sauvegardes seront effectué avec l\'outil MSTSC. '),
(18, 1237, NULL),
(18, 1240, 'J\'ai suivi l\'incident grâce à une procédure et réaliser un recueil des faits.'),
(18, 1314, 'Réparation de matériel deffectueux : écrans, imprimantes\r\nIncident Postes qui sortent du domaine'),
(18, 1324, 'J\'ai aider les utilisateurs avec leur problèmes en direct ou à distance, dans la mesure du possible je le faisait moi-même sinon j’observais le technicien résoudre les problèmes tout en essayant de comprendre'),
(18, 1336, 'Aider les utilisateurs dans le changement de mot de passe et problèmes divers'),
(18, 1350, ''),
(19, 112, 'j\\\'ai été amené à résoudre des problèmes en tous genres.\r\nj\\\'ai suivi des documentations internes à l\\\'entreprise, assisté des utilisateurs, utilisé une plateforme de gestion des tickets d\\\'incidents (GLPI) pour le suivi et la résolution...'),
(19, 442, 'Identification du problème, recherche de solutions'),
(19, 1076, 'TeamViewer, faire la manipulation devant elle en projetant son propre écran afin que la cliente puisse comprendre les manipulations. (Environnement familier)'),
(19, 1122, 'Team viewer pour repondre aux demandes d\\\'assistances des utilisateurs'),
(19, 1152, 'Relation client'),
(19, 1161, 'écouter / lire le problèmes , le diagnostiquer puis le résoudre.\r\nj\\\'ai personnellement participer ou vue que des problèmes mineur et déjà connu (panne matérielle, ou formatage poste)'),
(19, 1196, 'Prendre le contrôle d\\\'une machine à distance et aider les utilisateurs.'),
(19, 1198, 'Grâce à l\\\'application GLPI l\\\'utilisateur indiquer les degrés d\\\'urgence de son problème et je répondais en fonction des urgences, chaque ticket que je résolvais je mettais une conclusion à la fin qui servait aux membres du service informatique.'),
(19, 1200, 'Résoudre un incident de niveau 1 par téléphone et prise de contrôle à distance. Aide grâce à la base de connaissances. Escalader le ticket au niveau supérieur si nécessaire. Si réponse intéressante, l\\\'entrer dans la base de connaissances.'),
(19, 1237, NULL),
(19, 1239, 'Assistance à la rédaction de requête SQL sur la base de données Adhérents.'),
(19, 1250, 'Extraction de capsules JFA pour analyse'),
(19, 1314, 'dépannage en tout genre'),
(19, 1336, 'requalifier le problème du ticket, si besoin transférer au Run N2 ou plus, appeler l\'utilisateurs si besoin etc'),
(20, 442, 'Adresse mail indisponible, risque de perte de courriers importants'),
(20, 1122, 'Une coupure de courant de plus de 30 minutes à eu lieu donc l\\\'onduleur à du couper le serveur. Avec la configuration appliqué dans le BIOS le serveur à redémarré tous seul.'),
(20, 1161, 'évaluation du problème et réponse au utilisateur rencontrent celui ci'),
(20, 1200, 'Continuer de prendre les appels et noter les informations sur un fichier Word ou papier malgré la coupure Internet.'),
(20, 1246, ''),
(20, 1314, 'problèmes de sessions, mettre les utilisateurs sur des sessions spéciales sans droits de modifications'),
(20, 1336, 'Suite a une coupure de courant le 25/05 gestion des ticket et aide des utilisateurs dans la reprise du service'),
(21, 122, 'Prise en charges de plusieurs bugs. Définition du degré d\\\'urgence. Résolution des bugs.'),
(21, 442, 'Rédaction d\\\'un rapport d\\\'incidents (problèmes, procédure, solutions)'),
(21, 542, 'Résolutions de bugs tout au long du développement (ex : bug ajax avec woocommerce, bug du double attribut &lt;title&gt;, etc ...)'),
(21, 1088, 'Etude des problèmes rencontrés sur un projet existant'),
(21, 1096, 'Au secteur logistique, nous avons repéré le mal-fonctionnement d\'un chariot utilisant le réseau wifi. Nous avons recherché les sources du problème grâce au logiciel Xirrus : interférences sur le réseau venant de l\'antenne du chariot.'),
(21, 1103, 'Analyse des logs pour mieux comprendre le problème'),
(21, 1122, 'Les GPO ne s\\\'applique pas correctement, après étude des problèmes et recherche sur internet, le problèmes à été résolue en activant la fonction \\&quot;attente de l\\\'initialisation des cartes réseaux\\&quot; '),
(21, 1133, 'On \\&quot;Traduit\\&quot; le problème du client afin que l\\\'opérateur comprend\r\n'),
(21, 1135, 'Identification des meilleurs élément pour répondre au demande du formulaire (radio button au lieu de liste déroulante car cela buggais sous Jquery)'),
(21, 1152, 'Recherche de dysfonctionnement '),
(21, 1156, 'Problème au niveau des requêtes SQL entre le back et le front office provoquant des erreurs navigateur à cause du référencement dans le front.'),
(21, 1161, 'diagnostiquer et priorisé un problème'),
(21, 1185, 'Utilisation de Lubuntu et de Memtest pour détecter les composants défectueux et récupérer les données du disque dur.\r\nProblème détecté sur le dual channel entre deux barrettes de ram.\r\nDiagnostiquer la panne du serveur Synology \r\n'),
(21, 1186, 'problemme rencontré avec des certificat et des clef privé et publique , indetifier dou venait le probleme et commment y remedier '),
(21, 1200, 'Repérer la cause et qualifier un dysfonctionnement récurrent d\\\'un service. Définir la priorité du problème et les conséquences.'),
(21, 1214, 'Grâce à cette solution nous avons détecté un problème majeure rapidement. Un switch n\'était plus sous tension,il à donc fallu le remplacer. Le degrés d\'urgence était assez élevé.'),
(21, 1219, 'Lorsque les failles Meltdown et Spectre ont frappé nous ne savions pas d’où cela venait. Les ordinateurs touchés affichaient un écran bleu. Grâce à nos recherche nous avons compris qu\\\'il s\\\'agissait de faille. Nous avons pu évaluer le problème. '),
(21, 1239, 'Changement des mots de passe de l\\\'entreprise car 80% étaient \\&quot;sucre\\&quot;.'),
(21, 1240, 'Observation des incidents récurrents à l\'usine, assez perturbateur. Nous avons réalisé des recueils des faits pour identifier et régler l\'incident. '),
(21, 1242, ''),
(21, 1246, ''),
(21, 1287, 'Explication par le maître de stage'),
(21, 1304, 'Identification du plantage au démarrage et d\\\'un problème sur la carte Thunderbolt'),
(21, 1314, 'Tous les dépannages'),
(21, 1336, 'analyser le ticket, évaluer les tickets et demandes les plus urgents etc'),
(21, 1342, 'Sur place, nous avons effectivement constaté un dysfonctionnement sur les visseuses wifi. Nous avons donc vérifier si la cause du problème était la borne wifi en la redémarrant  et en vérifiant ces configurations. Ensuite, Nous nous sommes rendu compte qu'),
(22, 11, 'Proposition de remplacement de la base de données Access par un application web, accessible à tous les employés de façon intuitive.'),
(22, 16, 'Proposition de remplacement d\\\'un script VBA par une application PHP complète et intuitive.'),
(22, 122, 'Reflexion autour du projet d\\\'amélioration de l\\\'ENT.'),
(22, 176, 'Proposition d\\\'améliorations afin d\\\'optimiser certaines fonctionnalités attendues (ex : TVA par défaut, pour un fournisseur, supprimée car elle peut être différente selon les produits -&gt; montant TTC pourrait être faux)'),
(22, 443, 'Proposition d\\\'améliorations du service (interface etc)'),
(22, 444, 'Intégration du script sur le site.'),
(22, 542, 'Proposition d\\\'amélioration constante de services (cache, etc)'),
(22, 921, 'L\\\'ancienne plateforme longue et pas toujours pratique a utiliser'),
(22, 1076, 'Par la même occasion que la galerie photo, proposition d\\\'un nouvel affichage CSS pour rendre le site plus lisible./*/'),
(22, 1103, 'Discussion avec le client pour améliorer le service'),
(22, 1122, 'Proposition d\\\'amélioration de l\\\'infrastructure informatique, pour accéléré la vitesse.'),
(22, 1156, 'changer la base de données m\'a forcé à réadapter de nombreuses fonction de mon index.py.'),
(22, 1167, 'après test, proposition oral de solution d’amélioration du service pour le déploiment avec ces avantage et inconvénient '),
(22, 1171, NULL),
(22, 1188, 'Analyse des amélioration possible pour le service et recensement des risques liés à celles-ci'),
(22, 1195, 'Des vols de PC ont été constaté durant le stage.'),
(22, 1235, 'S2 : C2.3.2.2 : Délais moyen exécuté par l’ancien script codé en Batch 20min avec le même nombre de fichier a déployer temps moyen actuel est de 2min codé en powershell.'),
(22, 1239, 'Modification AD et allègement du SRV01 en passant des services sur SRV02.'),
(22, 1242, ''),
(22, 1287, 'Création d\'un autre fichier excel'),
(22, 1325, 'Mise en place d\'une synthèse avec toute les améliorations à mettre en place sur le site internet'),
(22, 1345, 'Une des stagiaire à présentée son projet qui était d\'améliorer le fonctionnement des inventaires en permettant au technicien d\'éviter de transporter leurs PC et plutôt de prendre leurs mobiles.'),
(23, 1109, 'par rapport a le demande, j\\\'ai effectué des propositions de structure réseau et logiciel'),
(23, 1122, 'Liste des composants à remplacer pour améliorer l\\\'infrastructure informatique'),
(23, 1163, NULL),
(23, 1167, 'Proposition de système de déploiement d\\\'imprimante par GPO'),
(23, 1239, 'Proposition d\\\'achat de SRV02.'),
(23, 1240, 'Un nouveau switch était nécessaire pour ajouter de nouvelles bornes wifi et améliorer la qualité de la connexion.'),
(23, 1242, ''),
(23, 1297, NULL),
(23, 1327, NULL),
(23, 1329, 'Présatation des solutions applicatives au besoins via des documentations..'),
(23, 1339, NULL),
(23, 1343, NULL),
(23, 1351, NULL),
(24, 122, 'Création de maquettes d\\\'interfaces.'),
(24, 1103, 'Maquettes de l\\\'aspect final de l\\\'application.'),
(24, 1114, 'Création de maquette de la nouvelle infrastructure.'),
(24, 1122, 'Plan Visio pour Schématiser le réseau'),
(24, 1204, 'Développement d\'un prototype en local pour par la suite l\'intégrer à la production'),
(24, 1211, 'Test de l\'infrastructure xivo + switch + terminaux avant le déploiement'),
(24, 1212, 'réalisation de maquette firewall + router (WAN) + client (LAN, VPN)'),
(24, 1220, 'Concevoir des maquettes servant à faire communiquer des postes avec des switchs HP 2510G-48, routeur WRT45LG et bornes wifi Alcatel-lucent. Concevoir des cartographie du résrau de la mairie de Veaulx en Velin(physique et logique).'),
(24, 1239, 'Conception de la maquette Packet Tracer du réseau existant.'),
(24, 1242, 'S2 : C.3.1.2.2 : Création de deux prototypes pour une confrontation. '),
(24, 1299, 'Concevoir une maquette pour l\\\'utilisation de bornes wifi Alcatel-lucent.'),
(24, 1300, 'Mise en place d\\\'une maquette d\\\'utilisation de borne wifi Alcatel-lucent.'),
(24, 1309, 'Concevoir des maquettes servant à faire communiquer des postes avec des switchs HP 2510G-48 et routeur WRT45LG.'),
(24, 1339, NULL),
(25, 1195, 'Des câbles Antivol ont été installé sur certains PC'),
(25, 1235, 'S2 : C3.1.3.3 : Le script peut être exécuté uniquement en mode administrateur '),
(25, 1239, 'Antivirus sur les serveurs.'),
(25, 1313, 'Prix du modèle avoisinant les 2000 euros\r\nUtilisation d\'un pare d\'u unique pour faciliter le filtrage, listage des différents sites accessibles pour garantir la sécurité du réseau'),
(26, 16, 'Installation et Configuration d\\\'un serveur Web : Apache, Mysql, PHP.'),
(26, 140, 'Configuration d\\\'un serveur Microsoft Windows Serveur 2012.\r\nInstallation et configuration d\\\'un serveur Apache.\r\nInstallation et configuration d\\\'un serveur Microsoft SQL 2012.'),
(26, 141, 'Configuration d\\\'un serveur Microsoft Windows Serveur 2012.\r\nInstallation et configuration d\\\'un serveur Apache.\r\nInstallation et configuration d\\\'un serveur Microsoft SQL 2012.'),
(26, 1096, 'Nous avons configuré puis installé une borne wifi de spare sur un switch.'),
(26, 1103, 'Installation d\\\'outils servant à développer l\\\'application : PhpStorm / Git etc'),
(26, 1104, 'Configuration un switch de spare à l\\\'aide d\\\'une configuration déjà établie en protégeant son accès par des vlans et le cachant sur le réseau puis installation dans un rack.'),
(26, 1109, 'installation physique et logiciel'),
(26, 1122, 'Configuration d\\\'un switch Cisco, Serveur Windows'),
(26, 1152, 'Paramétrage de routeur'),
(26, 1182, 'installation poste, configuration de poste (downgrade, installation PXE ...)\r\nconfiguration AP (filtrage MAC)'),
(26, 1187, 'installation pc , ligne téléphonique \r\nassister installé serveur , nas ,vpn ,switch , routeur '),
(26, 1195, 'Installation d\\\'imprimantes ainsi que les pilotes d’installation officiels sur Windows Server 2016 dans le but de créer un serveur d’imprimantes.'),
(26, 1196, 'Installation Windows 10,Windows server 2016,Xen Server'),
(26, 1199, 'Installation d\'un serveur Apache TomCat (version 5.5).'),
(26, 1201, 'Configuration du protocole SNMP sur tous les switch en identifiant leur communauté.'),
(26, 1211, 'installation et configuration switch pour la voip (VLAN, Trunk)\r\nconfiguration PABX'),
(26, 1212, 'installation de firewall , configuration cluster (spare) avec 2 firewall'),
(26, 1218, 'Nous avons dû configurer chaque PC afin qu\'ils soient dans le domaine de la banque. Il fallait s\'assurer que chaque utilisateur a ses logiciels spécifiques, en effet ils ne font pas tous parti du même service donc ils n\'ont pas les même besoins.'),
(26, 1220, 'Installation et configuration de switchs et de routeurs pour des travaux pratiques.\r\nCommunication ou non des postes en fonction des maquettes réalisés.'),
(26, 1225, 'Installation et configuration des écrans d\\\'accueil et tactile en Windows 10.'),
(26, 1237, NULL),
(26, 1239, 'Installation du serveur SRV02.'),
(26, 1290, NULL),
(26, 1309, 'Installation et configuration de switchs et de routeurs pour des travaux pratiques.\r\nCommunication ou non des postes en fonction des TP réalisés.'),
(26, 1313, 'Installation et paramétrage du pare feu ( restrictions et VLAN)'),
(26, 1324, 'Installation et configuration d\'un serveur (création de VM, puis installation et configuration)\r\nConfiguration de Poste :\r\n- Mise a jour\r\n- Installation du pack office\r\n- Configuration des mails\r\n- Eventuellement installation de logiciel métier\r\n-...'),
(26, 1331, 'J\'ai du installer le driver correspondant au câble USB-to-Serial Converter afin de pouvoir me connecter au Switch.'),
(26, 1333, NULL),
(26, 1344, 'Nous avons installé un PC et deux imprimantes. La société Fedex à configuré le PC à distance.'),
(27, 11, 'Passage d\'une base Access non normalisé et non optimisé, à une base de données MySQL normalisé et optimisé.'),
(27, 16, 'Remplacement d\\\'une base de données Access et de son script VBA par une base de données MySQL et son application PHP.'),
(27, 1091, 'Évolution des besoins en ressources et performances.\r\nChangement de SGBD pour satisfaire ces besoins.\r\nDéfinition d\\\'un mode opératoire pour effectuer la migration'),
(27, 1122, 'Lors du remplacement du serveur Crypto V5 l\\\'arret du service à été obligatoire, la procédure à été réalisé avec l\\\'aide de la hotline du logiciel'),
(27, 1136, 'Remplacement des halogènes par des LED. Changement de prise et d’interrupteur qui chauffent. Économie d\\\'énergie et plus de sécurité. '),
(27, 1152, 'Changement de matériel interne au PC (disque dur, ram, carte graphique)'),
(27, 1182, 'rénovation poste'),
(27, 1185, 'Récupération des composants fonctionnels sur deux serveurs Dell PowerEdge 1950 en panne.\r\nDémonter un écran d\\\'affichage pour diagnostiquer une panne (écran noir, aucun voyant allumé).\r\nRéalisation d\\\'un devis pour le remplacer'),
(27, 1199, 'Corrections de bugs suite aux retours de mon maître de stage.'),
(27, 1210, 'remplacement des téléphones par des téléphones plus récents'),
(27, 1212, 'remplacement de firewall, migration en dégradé (2 WAN)'),
(27, 1218, 'Les PC qui ont été changé étaient obsolètes, cela nuisait au travail des utilisateurs. Nous avons donc dû les remplacer. Meilleurs processeur et RAM.'),
(27, 1235, 'S2 : Ce script remplace un outil similaire développer en Batch qui devenait obsolète.'),
(27, 1240, 'Remplacement d\'un switch obsolète au secteur logistique. '),
(27, 1249, NULL),
(27, 1314, 'Matériel'),
(27, 1335, 'Changement d\'ordinateur et migration du système d\'exploitation de windows 7 vers windows 10'),
(27, 1353, 'Migration de version d\'office'),
(28, 542, 'Complétion de la documentation liée au service développé'),
(28, 1105, 'Mise à jour d\'un document faisant le rapport de l\'audit et des éléments à corriger.'),
(28, 1114, 'Mise à jour de la documentation technique de la sécurisation à l\\\'accès aux serveurs MySQL que j\\\'ai rédigée.'),
(28, 1188, 'Mise à jour des informations du site internet. Modification des informations et ajout de nouveaux contenus'),
(28, 1225, 'Mise à jour de la procédure d\\\'installation et de configuration des écrans d\\\'accueil et des écrans tactile sous Windows 10.'),
(28, 1242, ''),
(29, 14, 'j\\\'ai installé le protocole SNMP, à distance, sur des OS Microsoft Windows server 2003 et 2008. J\\\'ai utilisé les logiciels Putty et WinSCP pour la manipulation de fichiers/dossiers (notamment pour l\\\'ajout de plugins Nagios sur le serveur de supervision)'),
(29, 112, 'Au cours du stage, j\\\'ai administré des ordinateurs appartenant à des utilisateurs distants suite à des incidents déclarés auparavant.'),
(29, 166, 'Au cours du stage, j\\\'ai administré des serveurs à distance suite à des incidents déclarés auparavant.'),
(29, 1103, 'Possibilité de se connecter à distance grâce aux serveurs'),
(29, 1122, 'La configuration de RDP permet de gérer le serveur à distance en cas de problèmes'),
(29, 1159, 'C3.3.1.2 : Gestion du site par accès a distance avec ovh via winSCP (logiciel de gestion de fichiers à distance)'),
(29, 1161, 'maintenance, brassage et test (diagnostic problème réseaux) '),
(29, 1185, 'Prise en main de serveurs à distance.'),
(29, 1187, 'configuration de la téléphonique , renvoi etc...\r\nconfig pc de la police : ip , réseau , application, imprimante /\r\nsur site puis maintenance distante'),
(29, 1201, 'J\\\'ai configuré et administré des switch à distance. '),
(29, 1212, 'administration reconfiguration , de firewall à distance (cloud meraki) '),
(29, 1239, 'Installation des services à distances sur SRV02 et administration sur site et à distance de SRV01 et SRV02.'),
(29, 1253, 'Configuration de certains éléments reseaux/logiciels sur des serveurs HPC et des \"injecteurs\" '),
(29, 1324, 'Installation des élément comme des postes ou un serveur chez les clients (câblage, raccordement au routeur, au switch...)'),
(29, 1330, 'Mr Garcia s\'est connecté à distance au Switch sur lequel on pouvait brasser grâce à un logiciel afin de procéder à des vérifications sur les ports.'),
(29, 1331, 'Je me suis connecter au Switch via le port console en mode série sur Putty.'),
(29, 1333, NULL),
(30, 122, 'Automatisation de la sauvegarde de la base de données.'),
(30, 1122, 'Configuration de la Sauvegarde Windows sur le serveur NAS Synologie'),
(30, 1151, 'Réaliser des images de sauvegarde GHOST sur d\\\'anciens ordinateurs.\r\nRestauration à partir d\\\'une image GHOST existante sur un disque dur.'),
(30, 1201, 'Script sauvegarde de EyesOfNetwork.'),
(30, 1239, 'Installation WSUS.'),
(30, 1331, 'Avant de réinitialiser le Switch, j\'ai du sauvegarder la configuration TFTP avec la commande \"copy run tftp\".'),
(31, 112, 'Durant le stage, il m\\\'est arrivé de gérer l\\\'arborescence des contrôleurs de domaine de l\\\'entreprise , notamment pour gestion de compte (création, suppression, modification)et la gestion des droits.'),
(31, 1109, 'gestion des droits pour l’accès des webmaster'),
(31, 1122, 'Gestion des utilisateurs avec active directory'),
(31, 1171, NULL),
(31, 1196, 'Création et gestion de comptes utilisateurs\r\nJoindre un domaine Active Directory'),
(31, 1232, 'Seul le propriétaire identifié peut modifié sa page personnelle, il ne peut que consulter la page personnelle d\'autre utilisateur'),
(31, 1237, NULL),
(31, 1239, 'Gestion et administration Active Directory.'),
(31, 1297, NULL),
(31, 1334, 'Attribuer des accès a certains dossiers, certains serveurs etc'),
(31, 1348, NULL),
(32, 542, 'Auto-cochage d\\\'options selon les besoins du client pour simplifier le back office'),
(32, 1167, 'Déploiement automatique'),
(32, 1201, 'Les sauvegardes doivent être automatiques.'),
(32, 1239, 'Mise en place de GPO AD pour WSUS.'),
(32, 1277, 'Automatiser la création d\\\'un Active Directory'),
(32, 1279, 'Automatiser la création d\\\'une arborescence et de comptes AD grâce à un script PowerShell'),
(32, 1285, 'Création d\\\'un script permettant de créer un utilisateur dans l\\\'Active Directory, créer les dossiers utilisateurs avec les bons droits'),
(32, 1313, 'Automatisation du tri des sites frauduleux.'),
(32, 1337, 'Réalisation d\'un plugin qui automatise quelques tâches administratives de sécurité liées au Wordpress'),
(32, 1348, NULL),
(33, 14, 'j\\\'ai adapté des graphes sur Centreon en fonction d\\\'une certaine période (date) pour obtenir un indicateur d\\\'activité d\\\'éléments de réseau.'),
(33, 542, 'Confidentialité des données. Rédaction des mentions légales après étude sur Internet'),
(33, 1297, NULL),
(34, 16, 'Proposition du Framework Symfony 2.'),
(34, 122, 'Proposition des améliorations à effectuer sur la nouvelle version de l\\\'application.'),
(34, 446, 'Proposition d\\\'un logiciel de gestion de projet'),
(34, 463, 'Le dossier rédigé a servi de base à une restitution orale quotidienne'),
(34, 542, 'Conception de services et estimation des délais'),
(34, 544, 'Estimation du délai de réalisation de la mission et conception de la solution'),
(34, 1076, 'boostrap'),
(34, 1092, 'Les données relatives aux HDDS sont stockés dans un fichier Excel.\r\nIl est donc nécéssaire d\\\'avoir une licence Excel installé sur le poste de chaque utilisateur.\r\nPour le développement, Visual Studio 2010 est suffisant.'),
(34, 1093, 'uWamp '),
(34, 1098, 'Proposition de plusieurs Schémas Conceptuels'),
(34, 1159, 'S1 : La conception du projet requiert l\\\'utilisation d\\\'un logiciel de Développement web qui pourra mélanger plusieurs types de langages (PHP, CSS, HTML, JavaScript) --&gt; NetBeans\r\n\r\nLa partie applications mobile devra se servir de l\\\'outil Android Stud'),
(34, 1160, 'Proposition et utilisation d\\\'une application web permettant de générer des faux spams pour des campagnes de ce type : GoPish'),
(34, 1163, NULL),
(34, 1167, 'proposition d\\\'outils de déploiement'),
(34, 1170, 'J\\\'ai dû rechercher une application ipam open source convenant à l\\\'architecte résea'),
(34, 1172, 'Script'),
(34, 1173, 'Prévoir les outils et librairies nécessaire à la connexion à la base de données.\r\n'),
(34, 1186, 'solution necessitant des logiciel compatible ,  support est payant , solution open source '),
(34, 1188, 'Identification du matériel nécessaire pour la réalisation du projet'),
(34, 1204, 'Comprendre l\'AJAX, formation durant une après midi sur openclassroom'),
(34, 1215, ''),
(34, 1216, NULL),
(34, 1217, NULL),
(34, 1232, 'PHP, phpmyadmin'),
(34, 1257, ''),
(34, 1266, ''),
(34, 1290, NULL),
(34, 1311, NULL),
(34, 1312, NULL),
(35, 16, 'Conception de l\\\'interface utilisateur de l\\\'application Web, de la façons la plus intuitive possible.'),
(35, 80, 'Définition des spécifications de l\\\'application, création d\\\'une maquette et validation par l\\\'équipe du choix de la technologie employée.'),
(35, 122, 'Définition des besoin pour les nouvelles interfaces. Validation par le maître de stage. Conception de ces interfaces.'),
(35, 140, 'Création de maquettes de l\\\'interface de l\\\'application.\r\nConception de l\\\'interface de l\\\'application.'),
(35, 141, 'Création de maquettes de l\\\'interface de l\\\'application.\r\nConception de l\\\'interface de l\\\'application.'),
(35, 176, '(P) Réalisation de maquettes pour les différentes partie de l\\\'application. Validation des maquettes lors des réunions avec le responsable.'),
(35, 542, 'Conception du design du site web à partir d\\\'un thème WordPress : Hueman'),
(35, 544, 'Conception et intégration d\\\'une interface utilisateur au portail applicatif (voir cahier des charges)'),
(35, 605, 'Conception de l\\\'interface de gestion des commandes. C’est un collègue qui l\\\'a ensuite développée'),
(35, 607, 'Concevoir et valider la maquette en collaboration avec des utilisateurs'),
(35, 608, 'Concevoir et valider la maquette en collaboration avec des utilisateurs'),
(35, 609, 'Conception et développement de l\\\'interface de validation et paiemetn des fiches de frais'),
(35, 921, 'L\\\'ancienne plateforme longue et pas toujours pratique a utiliser'),
(35, 1076, 'Création d\\\'un nouveau bouton dans la partie administration pour la création d\\\'une galerie photo et l\\\'administration de cette dernière. (Position, nombre d\\\'image etc..)'),
(35, 1092, 'Définitions des données entrées par l\\\'utilisateur.\r\nDéfinitions des résultats proposé par la solution\r\nChoix de la configuration graphique la plus simple.'),
(35, 1098, 'interface graphique de la base de données en php'),
(35, 1135, 'Utilisation de Jquery mobile pour être plus user-friendly'),
(35, 1153, 'Chaque début de semaine compte rendu d\\\'avancement ainsi que planification des tâches de la semaine en cours, avec le tuteur de stage.'),
(35, 1156, 'Mise en place d\'une charte graphique neuve en accord avec le maitre de stage, maquette réalisée sur la version local de l\'application et validation par le maitre de stage '),
(35, 1159, 'C4.1.2.2 : maquette de l’application dans le rapport de stage'),
(35, 1204, 'Concevoir et valider une maquette'),
(35, 1208, 'Conception de la page de Landing page pour la société AMI Structure'),
(35, 1209, 'Mise en place de pages web annexe à superPictor pour offrir à l\\\'utilisateur de nouvelles disponibilités.'),
(35, 1216, NULL),
(35, 1230, 'Conception du site internet'),
(35, 1232, 'powerpoint maquette'),
(35, 1257, 'maquette de notre BDD'),
(35, 1260, NULL),
(35, 1262, NULL),
(35, 1266, ''),
(35, 1267, NULL),
(35, 1268, NULL),
(35, 1269, NULL),
(35, 1270, NULL),
(35, 1271, NULL),
(35, 1273, NULL),
(35, 1274, NULL),
(35, 1275, NULL),
(35, 1280, NULL),
(35, 1284, NULL),
(35, 1291, NULL),
(35, 1292, ''),
(35, 1294, NULL),
(35, 1295, NULL),
(35, 1310, 'Réunion entre développeurs afin de définir la brique utilisateur.'),
(35, 1311, NULL),
(35, 1312, NULL),
(35, 1315, 'Construction de la plateforme GSB'),
(35, 1316, NULL),
(35, 1317, ''),
(35, 1319, NULL),
(35, 1327, NULL),
(35, 1345, 'Cette même stagiaire à également proposer de développer l\'application du gestionnaire d\'inventaire, généralement utilisé en ligne sur les PC, afin de faciliter son utilisation. Elle à également le projet d\'améliorer l\'interface utilisateur afin de rendre '),
(36, 11, 'Conception d\'une base de Données MySQL avec comme base d\'information, une base de données Access.'),
(36, 80, 'Modification de la base de données GSB pour pouvoir y intégrer la nouvelle application.'),
(36, 81, 'Modification de la base de données GSB.'),
(36, 122, 'Adaptation de la base de données existante pour qu\\\'elle soir compatible avec la nouvelle application.'),
(36, 140, 'Conception et déploiement de la base de données.'),
(36, 141, 'Conception et déploiement de la base de données.'),
(36, 176, '(P) Création de la base de données à partir d\\\'un AGL (DBMain) : réalisation d\\\'un MCD, d\\\'un MPD et génération d\\\'un script pour MySQL.\r\nRécupération des données de la base dans l\\\'application grâce à des requêtes SQL.'),
(36, 363, '(P) Modification d\\\'une base de données déjà existante.\r\nDéveloppement d\\\'une application liée à une base de données (MySQL).'),
(36, 406, '(P) Modification d\\\'une base de données déjà existante.\r\nDéveloppement d\\\'une application liée à une base de données (MySQL).'),
(36, 480, 'Création d\\\'une base de donnée PostGreSQL selon un UML donné. Adaptation de cette base aux besoins de développement.'),
(36, 544, 'Adaptation d\\\'une base de données (manipulation de données, création de tables etc...) pour tests'),
(36, 605, 'J\\\'ai créé la base de données sur SQL après une mise en commun des besoins de développement'),
(36, 607, 'Manipulation de données'),
(36, 608, 'Manipulation de données'),
(36, 609, 'J\\\'ai modifié la base de données de base de gsb sur MYSQL après une mise en commun des besoins de développement'),
(36, 921, 'L\\\'application pointais vers une ancienne base de donnée (mise en commun de l\\\'ancienne et de la nouvelle base)'),
(36, 1091, 'Écriture de script de création de base et d\\\'ajouts de contraintes.'),
(36, 1098, 'création de la BDD sous phpmyadmin avec le script reçu par jmerise'),
(36, 1103, 'Modélisation de la BDD avec JMerise, PhpMyAdmin et quelques dessins sur feuilles.'),
(36, 1153, 'Conception de la base de données en fonction des besoins définis dans le cahier des charges.'),
(36, 1156, 'Mise à jour de l\'ancienne base de données pour qu\'elle soir en accord avec le nouveau modele de données et mise a jour des données interne de la base pour qu\'elles soient en accord avec les besoins.'),
(36, 1159, 'schéma de BDD dans le rapport de stage'),
(36, 1170, 'Lors de la mise en place de l\\\'application j\\\'ai du installer la base  de données nécessaire pour NetBox'),
(36, 1204, 'Modélisation, conception et création d\'une base de donnée qui permet de récupérer les données de l\'utilisateur de façon pérenne'),
(36, 1209, 'Test sur un clone de la BDD de l\\\'entreprise, créations de table dans la BDD. Création de requêtes SGBD (Insertion,Modification,Sélection)'),
(36, 1216, NULL),
(36, 1232, 'ajout de table permettant l\'enregistrement des compétences'),
(36, 1242, 'S2 : C.4.1.3.4 : Manipuler les données déjà existantes '),
(36, 1257, 'Gestion de notre BDD'),
(36, 1266, 'Gestion de notre BDD'),
(36, 1267, NULL),
(36, 1268, NULL),
(36, 1269, NULL),
(36, 1270, NULL),
(36, 1271, NULL),
(36, 1273, NULL),
(36, 1274, NULL),
(36, 1275, NULL),
(36, 1280, NULL),
(36, 1284, NULL),
(36, 1291, NULL),
(36, 1292, ''),
(36, 1294, NULL),
(36, 1295, NULL),
(36, 1311, NULL),
(36, 1312, NULL),
(36, 1317, ''),
(36, 1327, NULL),
(36, 1340, 'La base de donnée Wordpress fictive que j\'ai créé pour l\'occasion sert d\'environnement de test pour le futur plugin.'),
(36, 1341, 'Création de la base de données et paramétrage pour établir la connection entre le Wordpress et la base de données'),
(37, 80, 'Listages des tâches, et prévisions du temps d’exécution.'),
(37, 140, 'Définition des éléments à développer.'),
(37, 141, 'Définition des éléments à développer.'),
(37, 443, 'Rédaction d\\\'un document descriptif de l\\\'application'),
(37, 446, 'Etude du logiciel'),
(37, 542, 'Définition des besoins de services à programmer liés au cahier des charges (forum, responsive, cache, SEO, ...)'),
(37, 605, 'Conception du développement de la gestion des commandes'),
(37, 607, 'Définition des caractéristiques de l\\\'application (documentation)'),
(37, 608, 'Définition des caractéristiques de l\\\'application (documentation)'),
(37, 1159, 'Analyse fonctionnel dans le rapport de stage'),
(37, 1204, 'Besoin de comprendre l\'AJAX'),
(37, 1232, 'choix adaptation BDD et code php'),
(37, 1234, ''),
(37, 1244, 'Estimation des packages nécessaire au fonctionnement de la solution (environnement : Windows Server 2012)'),
(37, 1267, NULL),
(37, 1268, NULL),
(37, 1269, NULL),
(37, 1270, NULL),
(37, 1271, NULL),
(37, 1273, NULL),
(37, 1274, NULL),
(37, 1275, NULL),
(37, 1280, NULL),
(37, 1284, NULL),
(37, 1291, NULL),
(37, 1292, ''),
(37, 1294, NULL),
(37, 1295, NULL),
(37, 1317, ''),
(37, 1319, NULL),
(37, 1325, NULL),
(38, 81, 'Créations de prototype avec Netbeans, et validation par l\\\'équipe.'),
(38, 1093, 'Développer et validé par le maitre de stage'),
(38, 1155, 'Réalisation de prototypes d\\\'une solution répondant aux attentes (1 : utilisation d\\\'Aforge, 2 : Analyse du % de pixels colorés, 3 : Analyse du nombres de zones blanches/noires).'),
(38, 1159, 'S1 : Conception du site en local afin d\\\'effectuer un prototype avant déploiement. '),
(38, 1167, 'utilisation de poste test dédier comme prototype pour test et déploiement'),
(38, 1170, 'La version de Netbox que j\\\'ai déployé sur la VM était un prototype, je devais la tester avant de la proposer.\r\n '),
(38, 1204, 'Développer tout le logiciel de A à Z'),
(38, 1325, NULL),
(38, 1340, 'Validation du bon fonctionnement du plugin.'),
(39, 16, 'Installation, configuration et utilisation de NetBeans.'),
(39, 80, 'Utilisation de NetBeans PHP.'),
(39, 81, 'Utilisation de NetBeans JAVA.'),
(39, 140, 'Création de tests unitaires.'),
(39, 141, 'Création de tests unitaires.'),
(39, 177, 'Utilisation d\\\'un environnement de développement : Visual Studio.'),
(39, 543, 'Mise en place de l\\\'environnement de développement et de test (Eclipse et serveur)'),
(39, 544, 'Mise en place de l\\\'IDE '),
(39, 605, 'Développement réalisé avec visual studio directement lié avec Team Fondation Server.'),
(39, 607, 'Mise en place et exploitation de Netbeans'),
(39, 608, 'Mise en place et exploitation de Notepad++'),
(39, 921, 'Sublime Text / BDD de Développement'),
(39, 1076, 'Exploitation d\\\'un serveur de test à travers WinSCP, utilisation de mon serveur uWamp pour transférer les fichiers créés ou modifier et afin de garder une trace avec des sauvegardes.'),
(39, 1093, 'uWAmp'),
(39, 1118, '- Récupération du code source du site d\'origine\r\n- Appropriation du site \r\n- Recherche de modification possible et accepté par mes supérieurs'),
(39, 1122, 'Test de la nouvelle version de Windows Serveur 2016, sur un environnement virtualisé pour tester la configuration des différentes options'),
(39, 1134, 'Installation d\\\'eclipse, composer'),
(39, 1155, 'Visual Studio'),
(39, 1156, 'environnement de dev python avec framework Flask,\r\nenvironnement de test en localhost.'),
(39, 1159, 'S1 : Utilisation de l\\\'IDE Android Studio suivi de tests avec le matériel émuler par le logiciel et par un smartphone réel. '),
(39, 1167, 'mise en place réseau client serveur pour test'),
(39, 1169, 'Homebrew -&gt; expliquer'),
(39, 1199, 'Développement sur un environnement de test et déploiement de l\'application sur un environnement de production.'),
(39, 1204, 'Développement sous uWamp en local avec sublimText'),
(39, 1207, 'Réalisation d\'un site Test OnePage simple pour découvrir JOOMLA.'),
(39, 1211, 'Test de l\'infrastructure xivo + switch + terminaux avant le déploiement'),
(39, 1216, NULL),
(39, 1217, NULL),
(39, 1260, NULL),
(39, 1262, NULL),
(39, 1267, NULL),
(39, 1268, NULL),
(39, 1269, NULL),
(39, 1270, NULL),
(39, 1271, NULL),
(39, 1273, NULL),
(39, 1274, NULL),
(39, 1275, NULL),
(39, 1280, NULL),
(39, 1284, NULL),
(39, 1291, NULL),
(39, 1292, ''),
(39, 1294, NULL),
(39, 1295, NULL),
(39, 1310, 'Création de batterie de test pour simuler le serveur client et le serveur de l\'entreprise, ainsi que les exécutables des projets.  '),
(39, 1315, ''),
(39, 1316, NULL),
(39, 1317, ''),
(39, 1319, NULL),
(39, 1338, 'Mise en place du Wordpress de test sur l\'UwAmp ainsi que de la base de données \"wordpresstest\" phpMyAdmin'),
(39, 1341, 'Elaboration de requêtes SQL dans le code PHP du plugin de sécurisation.'),
(40, 16, 'Développement en PHP de l\\\'environnement numérique de travail. Utilisation de Doctrine 2.'),
(40, 80, 'Développement de l\\\'application GSB comptable, entièrement en PHP.'),
(40, 81, 'Développement du Back-Office en JAVA.'),
(40, 122, 'Développement de la nouvelle version de l\\\'application.'),
(40, 140, 'Développement de l\\\'application Web.'),
(40, 141, 'Développement de l\\\'application Client.'),
(40, 177, 'Développement de l\\\'IHM et des fonctionnalités de l\\\'application.'),
(40, 363, 'Développement de l\\\'IHM et fonctionnalités de certains formulaires de l\\\'application.'),
(40, 406, 'Développement d\\\'une application web permettant de gérer les visites médicales.'),
(40, 480, 'Développement du site web depuis zéro. Mise en place des fonctionnalités de base liées aux comptes (création, modification, profil)\r\nSécurité gérée par le Framework.'),
(40, 542, 'Développement du site web WordPress en PHP/MySQL. Site hébergé sur 1&amp;1.'),
(40, 543, 'Développement des éléments de la solution'),
(40, 544, 'Développement des différentes fonctionnalités décrites par le cahier des charges'),
(40, 605, 'J\\\'ai développé la partie de gestion des commandes du logiciel'),
(40, 607, 'Développement d\\\'éléments de la solution'),
(40, 608, 'Développement d\\\'éléments de la solution'),
(40, 921, 'La plateforme était existante, il m\\\'a été demandé de la modifier. Je suis donc parti d\\\'un code que j\\\'ai analysé et modifié'),
(40, 1076, 'Requête SQL dans le code XPX pour récupérer les photos en adéquation avec la galerie, toujours protégé (impossibilité de se connecter pour un utilisateur lambda et donc d\\\'avoir accès à l\\\'administration)'),
(40, 1088, 'Correction des bugs du site.'),
(40, 1092, 'J\\\'ai conçu et développé l’algorithme nécessaire à cette optimisation d\\\'espace.\r\n'),
(40, 1125, 'J\'ai eu accès aux données du jeu afin d\'utiliser toutes les fonctions nécessaire au développement du son. \r\nJe devais mettre en relation des son de plus en rythmé selon le niveau d’excitation de la balle, cible principale du jeu.  '),
(40, 1134, 'Suivie du tuto openclassroom et remake du site de PPE sous symfony'),
(40, 1153, 'Développement de APIC (Application des Paramètres Individuels de Connexion)'),
(40, 1155, 'Développement du prototype. Utilisation de l\\\'API Imagebox.'),
(40, 1159, 'S1 : Utilisation d\\\'un framework Bootstrap pour le CSS et JavaScript\r\n'),
(40, 1167, 'Développement package wpkg en XML'),
(40, 1169, 'Création de scripts -&gt; expliquer'),
(40, 1173, 'Implémentation du code source VBA utilisant un ODBC PostgreSQL.'),
(40, 1174, 'Création de services et de librairies(boîtes[IPMAKER])'),
(40, 1204, 'Connexion à la base de donnée automatique,'),
(40, 1216, NULL),
(40, 1232, 'adaptation BDD et code php'),
(40, 1255, 'Développement du script à partir du CDC'),
(40, 1258, NULL),
(40, 1260, NULL),
(40, 1262, NULL),
(40, 1267, NULL),
(40, 1268, NULL),
(40, 1269, NULL),
(40, 1270, NULL),
(40, 1271, NULL),
(40, 1273, NULL),
(40, 1274, NULL),
(40, 1275, NULL),
(40, 1280, NULL),
(40, 1284, NULL),
(40, 1291, NULL),
(40, 1292, ''),
(40, 1294, NULL),
(40, 1295, NULL),
(40, 1310, 'Développement de brique WEB et CLIENT en PHP et C#.'),
(40, 1315, ''),
(40, 1316, NULL),
(40, 1317, ''),
(40, 1319, NULL),
(40, 1327, NULL),
(40, 1340, 'Utiliser le plugin existant ManageWP et le compléter avec des sécurisations supplémentaires.'),
(41, 16, 'Test de l\\\'application au fur et a mesure que les modules sont codés.'),
(41, 140, 'Réalisation des tests unitaires.'),
(41, 141, 'Réalisation des tests unitaires.'),
(41, 177, '(P) Réalisation d\\\'une série de tests au fur et à mesure de l\\\'avancement de l\\\'application ainsi qu\\\'à la fin (vérification).'),
(41, 544, 'Réalisation des test nécessaires à la validation et mise en place de tests unitaires'),
(41, 921, 'Test de tout les outils de l\\\'application (pour toutes les possibilités)'),
(41, 1155, ''),
(41, 1167, 'réalisation de test sur environnement de test et environnement réel (sur des postes dédier au test)'),
(41, 1172, 'A chaque modification du script, test du script pour la création des sessions.'),
(41, 1174, 'jeu d\\\'essai'),
(41, 1186, 'atelier test p'),
(41, 1204, 'Réalisation de tests'),
(41, 1209, 'Mise en place d\\\'une condition isset($_GET[\\\'julian\\\']) me permettant d\\\'accéder à une page non-visible pour tester mon code développé.'),
(41, 1211, 'test des appel téléphonique une fois le déploiement terminer'),
(41, 1215, 'Tester les modification'),
(41, 1220, 'Communication des postes et réalisation des maquettes.'),
(41, 1260, NULL),
(41, 1262, NULL),
(41, 1287, 'Vérifier les différents calculs'),
(41, 1309, 'Communication entre les postes et réalisation des maquettages.'),
(41, 1315, ''),
(41, 1316, NULL),
(41, 1327, NULL),
(41, 1344, 'Afin de tester le bon fonctionnement du logiciel configuré par Fedex et aussi des imprimantes, Fedex à lancer une impression à distance. Une des personnes qui travaillait sur place à également tester l\'impression sur le logiciel.'),
(42, 14, 'Rédaction des procédures d\\\'installation, de configuration et d\\\'exploitation de plusieurs éléments : SNMP, FAN, Centreon, etc.'),
(42, 79, 'Production d\\\'un guide d\\\'installation de l\\\'application GSB.'),
(42, 80, 'Production de la documentation technique de l\\\'application.'),
(42, 81, 'Rédaction de la documentation technique de l\\\'application.'),
(42, 140, 'Rédaction des documentations techniques des applications.'),
(42, 141, 'Rédaction des documentations techniques des applications.'),
(42, 177, '(P) Génération d\\\'une documentation technique (format HTML compilé) grâce à Visual Studio (fichier XML) et à SandCastle Help File Builder.'),
(42, 363, '(P) Génération d\\\'une documentation technique (format HTML compilé) grâce à Visual Studio (fichier XML) et à SandCastle Help File Builder.'),
(42, 406, '(P) Rédaction d\\\'une documentation technique recensant les différentes fonctionnalités de l\\\'application.'),
(42, 429, 'Rédaction du cahier des charges.'),
(42, 542, 'Rédaction d\\\'une documentation technique pour assurer l\\\'évolution par des développeurs tiers'),
(42, 605, 'J\\\'ai rédigé un fichier word de documentation technique pour expliquer la structure du code et de la base de données'),
(42, 607, 'Rédaction de documentations'),
(42, 608, 'Rédaction de documentations'),
(42, 609, 'J\\\'ai rédigé un fichier word de documentation technique pour expliquer la structure du code et de la base de données'),
(42, 921, 'Création de vidéos explicatives'),
(42, 1092, 'Écriture d\\\'une spécification technique pour les futurs développeurs amener à maintenant la solution métier'),
(42, 1096, 'J\'ai réalisé une documentation technique de l\'audit de bornes wifi.'),
(42, 1114, 'Rédaction de la documentation technique de la sécurisation à l\\\'accès aux serveurs MySQL.'),
(42, 1134, 'Création de la fiche technique de l\\\'installation de symfony 3'),
(42, 1155, ''),
(42, 1160, 'A la suite de la campagne j\\\'ai du rédiger une documentation technique spécial pour l\\\'équipe informatique (DSIO)'),
(42, 1170, 'Une documentation technique était nécessaire pour que l\\\'architecte réseau puisse déployer l\\\'application facilement.'),
(42, 1174, 'La vidéo'),
(42, 1188, 'Rédiger une documentation permettant à l\'utilisateur de comprendre le fonctionnement du programme en terme de code ou logique'),
(42, 1215, 'Documentation sur le site web, la charte graphique.'),
(42, 1220, 'Rédaction de maquettes sur la communication dans un VLAN, inter-VLAN et routage inter-VLAN avec toutes les commandes des switchs HP sur des documents Word. Puis maquettage de bornes wifi Alcatel-lucent.'),
(42, 1231, 'Doc de maintien du site'),
(42, 1255, 'Rédaction d\'une mini doc technique pour les developpeurs susceptibles d\'intervenir sur cette implémentation'),
(42, 1258, NULL),
(42, 1260, NULL),
(42, 1262, NULL),
(42, 1267, NULL),
(42, 1268, NULL),
(42, 1269, NULL),
(42, 1270, NULL),
(42, 1271, NULL),
(42, 1272, NULL),
(42, 1273, NULL),
(42, 1274, NULL),
(42, 1275, NULL),
(42, 1276, NULL),
(42, 1280, NULL),
(42, 1284, NULL),
(42, 1291, NULL),
(42, 1292, ''),
(42, 1294, NULL),
(42, 1295, NULL),
(42, 1299, 'Maquettage de bornes wifi Alcatel-lucent.'),
(42, 1300, 'Maquettage de bornes wifi Alcatel-lucent.'),
(42, 1302, 'Ecriture d\\\'une documentation pour l\\\'installation d\\\'un poste client Windows 10, avec l\\\'ensemble des logiciels utiles.'),
(42, 1309, 'Rédaction de TP sur la communication dans un VLAN, inter-VLAN et routage inter-VLAN avec toutes les commandes des switchs HP sur des documents Word.'),
(42, 1310, 'Document technique expliquant les modalités de développement définis pendent la réunion.   '),
(42, 1317, 'Rédaction d\'une documentation technique expliquant la création de l\'interface final et de la base de donnée.'),
(42, 1319, NULL),
(42, 1332, 'A chaque fin de prise de mesure, je complète dans un premier temps mon tableur Excel dans lequel j\'y inscrit toute les données récoltées pour ensuite compléter mon document Word dans lequel j\'y met toute les informations concernant ces mesures.'),
(42, 1334, 'Créer un document pour informer les utilisateurs de leur mot de passe et toute les informations utiles'),
(42, 1343, NULL),
(43, 140, 'Rédaction de la notice utilisateur.'),
(43, 141, 'Rédaction de la notice utilisateur.'),
(43, 185, '(P) Rédaction d\\\'une documentation utilisateur expliquant comment se servir de l\\\'application, en attirant l\\\'attention de l\\\'utilisateur sur certains points.'),
(43, 321, '(P) Rédaction d\\\'un document expliquant le travail effectué et expliquant comment utiliser une application, mise à disposition par l\\\'entreprise, pour passer la main à un autre stagiaire.'),
(43, 363, '(P) Rédaction d\\\'une documentation utilisateur expliquant comment se servir de l\\\'application, en attirant l\\\'attention de l\\\'utilisateur sur certains points.'),
(43, 406, '(P) Rédaction d\\\'une documentation utilisateur expliquant comment se servir de l\\\'application, en attirant l\\\'attention de l\\\'utilisateur sur certains points.'),
(43, 542, 'Rédaction d\\\'une documentation d\\\'utilisation pour aider les employés à utiliser des fonctions plus avancées'),
(43, 605, 'J\\\'ai rédigé un fichier word de documentation d\\\'utilisation pour expliquer le fonctionnement de l\\\'application'),
(43, 609, 'J\\\'ai rédigé un fichier word de documentation d\\\'utilisation pour expliquer le fonctionnement de l\\\'application'),
(43, 917, 'Documentation utilisateur mode délégation UCOPIA.'),
(43, 1075, '- Documentation d\'utilisation de CRM Free Devis Facture réaliser'),
(43, 1097, 'Élaboration du guide d\'utilisateur. '),
(43, 1098, 'étapes à suivre pour l\\\'utilisation de la base de données'),
(43, 1155, ''),
(43, 1156, 'J\'ai intégralement rédigé le documentation de l\'application.'),
(43, 1160, 'Pour faciliter la rédaction de mon rapport de stage j\\\'ai rédigé un document sur la mise en place et l\\\'utilisation de GoPish'),
(43, 1188, 'Rédiger une documentation permettant à l\'utilisateur de comprendre le fonctionnement du programme ainsi que ses capacités'),
(43, 1209, 'Rédaction d\\\'une page manuscrite qui explique mon code entré.'),
(43, 1220, 'Rédaction de TP sur la communication dans un VLAN, inter-VLAN et routage inter-VLAN avec toutes les commandes des switchs HP sur des documents Word.'),
(43, 1224, 'S2 - Rédaction d\\\'une documentation en ligne sur l\\\'ajout des sites de confiance sur les navigateurs et pour l\\\'ajout et la suppression de comptes sur l\\\'intranet d\\\'un client'),
(43, 1241, 'S2 : C.4.1.10 : Réalisation d\'un ReadMe pour aider les utilisateurs dans la nouvelle installation d\'un serveur.'),
(43, 1255, 'Rédaction d\'une mini doc utilisateur (qui sont souvent des developpeurs, ou au moins du personnel informatique) pour l\'éxecution du dit script'),
(43, 1257, 'Création d\\\'une fiche qui explique le fonctionnement du site'),
(43, 1258, NULL),
(43, 1260, NULL),
(43, 1262, NULL),
(43, 1266, 'Création d\\\'une fiche qui explique le fonctionnement du site'),
(43, 1287, 'Documentation d\'utilisation'),
(43, 1299, 'Maquettage de bornes wifi Alcatel-lucent.'),
(43, 1300, 'Maquettage de bornes wifi Alcatel-lucent.'),
(43, 1309, 'Rédaction de TP sur la communication dans un VLAN, inter-VLAN et routage inter-VLAN avec toutes les commandes des switchs HP sur des documents Word.'),
(43, 1311, NULL),
(43, 1312, NULL),
(44, 16, 'Élaboration de jeux d\\\'essai, permettant de voir et de corriger les bugs.'),
(44, 177, '(P) Correction de dysfonctionnements découverts suite aux tests réalisés.'),
(44, 321, '(P) Correction de plusieurs thèmes Wordpress avec l\\\'appui d\\\'un document.\r\n(P) Etapes de résolution des problèmes d\\\'affichage des thèmes.\r\n(P) Mise en place d\\\'un jeu d\\\'essai pour reproduire les dysfonctionnements.\r\n(P) Correction des dysfonctionnement'),
(44, 542, 'Résolution de bugs tout au long du développement. Optimisation de la vitesse (cache) et du responsive'),
(44, 1156, ''),
(44, 1167, 'analyse du problème, résolution ou adaptation du systeme'),
(44, 1185, 'Repérer et diagnostiquer les composants qui sont à l\\\'origine du dysfonctionnement en réalisant des tests et diagnostiques de la machine ou du serveur concerné.'),
(44, 1216, NULL),
(44, 1304, 'Composant à l\\\'origine du dysfonctionnement : Carte Thunderbolt \r\n'),
(44, 1325, NULL),
(44, 1349, 'Problème de récolte des données provenant d\'une requête SQL'),
(45, 1172, 'Réalisation des tests unitaires avec PowerShell ISE car on mettait des points d’arrêt dans le programme pour voir et analyser les script, son bon fonctionnement.'),
(45, 1232, 'Affichage des compétences indépendant du nombre de celles-ci'),
(46, 16, 'Réalisation des tests après correction des bugs, et test de mises en production sur serveur secondaire.'),
(46, 80, 'Création d\\\'un jeux d\\\'essai pour l\\\'application.'),
(46, 81, 'Test de l\\\'application.'),
(46, 607, 'Réalisation de tests lors des mises à jour'),
(46, 608, 'Réalisation de tests lors des mises à jour'),
(46, 1118, 'Mise en place de copies du site via uwamp sur lesquels je pouvais tester les différentes versions du site'),
(46, 1204, 'Test d\'intégration via FileZilla'),
(46, 1215, 'Tests'),
(46, 1216, NULL);
INSERT INTO `port_activitecitee` (`idActivite`, `refSituation`, `commentaire`) VALUES
(46, 1221, 'Test d\\\'envoi de mail avec la nouvelle configuarion.'),
(46, 1232, 'test avec le script de MAJ de la BDD'),
(46, 1257, 'Test des modifications en ligne avec si erreur retour au fichier backup grâce à Git'),
(46, 1266, 'Test des modifications en ligne avec si erreur retour au fichier backup grâce à Git'),
(46, 1267, NULL),
(46, 1268, NULL),
(46, 1269, NULL),
(46, 1270, NULL),
(46, 1271, NULL),
(46, 1273, NULL),
(46, 1274, NULL),
(46, 1275, NULL),
(46, 1280, NULL),
(46, 1284, NULL),
(46, 1291, NULL),
(46, 1292, ''),
(46, 1294, NULL),
(46, 1295, NULL),
(46, 1311, NULL),
(46, 1312, NULL),
(46, 1317, ''),
(46, 1319, NULL),
(47, 542, 'Rajout à une documentation technique d\\\'informations lors du développement de nouveaux modules'),
(47, 1114, 'Mise à jour de la documentation technique de la sécurisation à l\\\'accès aux serveurs MySQL que j\\\'ai rédigée.'),
(47, 1133, 'On sert d\\\'émissaire entre le client et l\\\'opérateur\r\nOn détermine et on analyse les actions à lancer'),
(47, 1215, ''),
(47, 1332, 'Lorsque j\'ai fini toutes mes prises, je remplie au fur et à mesure mon document, qui sera le compte rendu de cette activité.'),
(48, 177, '(P) Mise en place d\\\'une gestion de version maison : enregistrement d\\\'une version lorsqu\\\'une nouvelle partie allait être développée.'),
(48, 363, 'Utilisation d\\\'un système de gestion de développement collaboratif de logiciel, Team Foundation Server, permettant de gérer les versions de l\\\'application.'),
(48, 480, 'Mise en place d\\\'un système de gestion de version des fichiers : GitHub'),
(48, 605, 'Mise en place d\\\'un système de gestion de version des fichiers : Team Fondation Server'),
(48, 607, 'Gestion de configuration'),
(48, 608, 'Gestion de configuration'),
(48, 609, 'Mise en place d\\\'un système de gestion de version des fichiers : Git'),
(48, 1088, 'Utilisation de Git'),
(48, 1156, 'Utilisation du service GIT pour héberger les données et les modifications appliquées au projet via l\'outil de visualisation SourceTree. Le git etant hébergé coté entreprise en privé'),
(48, 1167, 'installation et configuration de wpkg'),
(48, 1169, 'Vérification du bon fonctionnement du service -&gt; Bitbucket et gitKraken.'),
(48, 1174, 'Bitbucket et gitKraken'),
(48, 1220, 'Recenser les caractéristiques techniques en mettant en place un tableau Excel et en schématisant une carte physique et une carte logique du réseau de la mairie.'),
(48, 1242, 'S2 : C.5.1.2.1 : Mise en place du Github'),
(48, 1257, 'Versionning -&gt; Utilisation de Git'),
(48, 1266, 'Versionning -&gt; Utilisation de Git'),
(48, 1267, NULL),
(48, 1268, NULL),
(48, 1269, NULL),
(48, 1270, NULL),
(48, 1271, NULL),
(48, 1273, NULL),
(48, 1274, NULL),
(48, 1275, NULL),
(48, 1280, NULL),
(48, 1282, 'Mise en place de GLPI pour la gestion des tickets et OCS pour la gestion de parc informatique'),
(48, 1283, 'Mise en place de GLPI et de OCS pour la gestion de parc informatique et gestion de tickets.\r\n'),
(48, 1284, NULL),
(48, 1288, 'J\'ai installé OCSInventory qui permet la gestion du parc informatique.'),
(48, 1291, NULL),
(48, 1292, 'https://github.com/TimotheeCARON/GSB_teamA'),
(48, 1294, NULL),
(48, 1295, NULL),
(48, 1296, NULL),
(48, 1297, NULL),
(48, 1305, NULL),
(48, 1306, 'A l\\\'aide de GLPI j\\\'ai pu réalisé la mise en place d\\\'une gestion de configuration'),
(48, 1311, NULL),
(48, 1312, NULL),
(48, 1317, ''),
(48, 1319, NULL),
(48, 1320, 'Mise en place d\'un serveur OCS inventory'),
(48, 1333, NULL),
(49, 1156, 'suivi Git'),
(49, 1219, 'J.DI GIACOMO m\\\'a formé sur différents sujets tels que l\\\'Active Directory, le DNS, le DHCP, WDS. J\\\'ai aussi lu un livre sur les équipements d\\\'interconnexion Réseau Cisco.'),
(49, 1220, 'Renseigner les éléments sur la configurations de switchs.'),
(49, 1221, 'Recueil d\\\'informations sur la configuration actuelle utilisé et celle à avoir,\r\nrecueil d\\\'information sur la structure , le parcours des mails à avoir.'),
(49, 1242, 'S2 : C.5.1.2.1 : Gestion du Github'),
(49, 1267, NULL),
(49, 1268, NULL),
(49, 1282, 'Recueil d\'informations sur une configuration et ses éléments grâce à OCS et GLPI.'),
(49, 1283, 'Recueil d\\\'informations sur les machines du parc (OS, Version OS, Date d\\\'installation...).'),
(49, 1288, 'OCSInventory recueille les configurations de différents éléments grâce à l\'installation d\'agent sur les postes clients.'),
(49, 1297, NULL),
(49, 1299, 'Maquette de bornes wifi Alcatel-lucent.'),
(49, 1305, NULL),
(49, 1306, 'A l\\\'aide de GLPI j\\\'ai pu réaliser cette activité en injectant une base de donnée existante'),
(49, 1320, 'récupération des informations sur un client OCS'),
(50, 1088, 'Projet sur bitbucket, GitKraken'),
(50, 1096, 'Nous nous sommes rendu compte de l’état de la couverture wifi à l\'usine moteur. A plusieurs endroits stratégiques, nous avons effectué des tests de capacités d’émission Wi-Fi dans des zones spécifique'),
(50, 1105, 'Réalisé d\'un audit des baies de brassages, soit une vérification de l’état des baies, de l’état des onduleurs,\r\nRéalisation d\'un inventaire des switch en donnant leur nom, leur adresse IP et à quel vlan ils appartiennent.'),
(50, 1156, 'suivi du Git'),
(50, 1161, 'Suivie des états du parc machine en particulier les serveurs'),
(50, 1199, 'Utilisation d\'un outil d\'Eclipse permettant de versionner mon projet.'),
(50, 1219, 'Suite à la formation que j\\\'ai reçu j\\\'ai pu manipuler en autonomie des serveurs tests dans les locaux de LAN Advice et ainsi mettre à profit ce que j\\\'ai appris.'),
(50, 1220, 'Suivi des configurations de switchs HP Procurve 2510G-48 et HP V1910-24G et d\\\'un routeur LINKSYS WRT54LG en mettant en place la rédaction d\\\'une documentation des TP réalisés.'),
(50, 1242, 'S2 : C.5.1.3.1 : Gestion du Github'),
(50, 1249, NULL),
(50, 1267, NULL),
(50, 1268, NULL),
(50, 1282, 'Suivi d\'une configuration et de ses éléments grâce à OCS et GLPI'),
(50, 1283, 'Contrôle et suivi de la configuration des éléments du parc.'),
(50, 1297, NULL),
(50, 1299, 'Maquette de bornes wifi Alcatel-lucent.'),
(50, 1305, NULL),
(50, 1306, ''),
(51, 122, 'Etudes des offres de serveur d\\\'hébergement web, et choix de l\\\'une d\\\'entres elles selon les critères imposé.'),
(51, 1223, 'Étude de l\\\'offre de la solution multicanal'),
(51, 1234, 'analyse des contrats d\'hébergement AWS et Azure'),
(51, 1307, 'L\\\'entreprise était en pleine négociation lors de mon stage sur le choix du nouveau fournisseur d\\\'accès internet qui allait fournir l\\\'accès internet au différentes Brasseries et Restaurants. J\\\'ai donc participé à des rendez-vous avec les prestataires'),
(52, 1109, 'évaluation de la machine proposé qui héberge l\\\'hyperviseur avec le serveur web'),
(53, 1296, NULL),
(53, 1325, NULL),
(53, 1345, 'Le service IT a pour ambition futur de développer l\'utilisation de l\'imprimante 3D et de l’industrialiser.'),
(54, 79, 'Vérification du respect des normes. Production d\\\'un document permettant de rectifier les erreurs.'),
(54, 80, 'Vérification de l\\\'emploi des normes.'),
(54, 605, 'Analyse d\\\'un fichier préconisant des normes de développement pour GSB. Adaptation de la manière de coder.'),
(54, 607, 'Utilisation des normes courantes de développement'),
(54, 608, 'Utilisation des normes courantes de développement'),
(54, 609, 'Analyse d\\\'un fichier préconisant des normes de développement pour GSB. Correction du code pré-éxistant en corrélation aux standards et adaptation de la manière de coder.'),
(54, 1088, 'Documents récupérés de l\\\'entreprise sur langage de l\\\'entreprise.'),
(54, 1109, 'Installation du sevrer sous les prochaine norme du réseaux'),
(54, 1174, 'Les normes entreprises architecture IOS...'),
(54, 1201, 'EyesOfNetwork respecte les règles ITIL'),
(54, 1219, 'En tant que prestataire l\\\'entreprise LAN Advice se doit de respecter des référentiels, des normes et des standards afin de respecter les contrats. Cela permet aussi d’acquérir une bonne réputation pour l\\\'entreprise. En informatique la confiance entre le'),
(54, 1220, 'Exploitation des référentiels de l\\\'inventaire du parc du réseau de la mairie de Vaulx en Velin et mis à jour de cet ancien inventaire en un nouveau. Exploitation de bornes wifi Alcatel-lucent, switch HP2510G-48 et routeur WRT45LG.'),
(54, 1232, 'BDD sans foreign key, utilisation de mysql_query() au lieu de PDO'),
(54, 1241, 'S2 : C5.2.1.2 : Bonnes pratiques dans le ReadMe'),
(54, 1267, NULL),
(54, 1268, NULL),
(54, 1269, NULL),
(54, 1270, NULL),
(54, 1271, NULL),
(54, 1272, NULL),
(54, 1273, NULL),
(54, 1274, NULL),
(54, 1275, NULL),
(54, 1276, NULL),
(54, 1280, NULL),
(54, 1282, 'Passer en HTTPS l\'accès web de OCS et GLPI'),
(54, 1283, 'Mise en place du protocole HTTPS avec un certificat pour sécuriser les échanges.'),
(54, 1284, NULL),
(54, 1291, NULL),
(54, 1292, ''),
(54, 1294, NULL),
(54, 1295, NULL),
(54, 1299, 'Exploitation de bornes wifi Alcatel-lucent, switch HP2510G-48 et routeur WRT45LG.'),
(54, 1303, ''),
(54, 1309, 'Exploitation de bornes wifi Alcatel-lucent, switch HP2510G-48 et routeur WRT45LG.'),
(54, 1317, ''),
(54, 1319, NULL),
(54, 1325, NULL),
(55, 136, NULL),
(55, 177, '(P) Rédaction d\\\'un fichier contenant différentes sources d\\\'information utilisées pour le développement de l\\\'application.'),
(55, 321, '(P) Rédaction d\\\'un fichier contenant différentes sources d\\\'information utilisées pour le développement de l\\\'application.'),
(55, 446, 'Veille technologique sur les logiciels de gestion de projets'),
(55, 543, 'Mise en place d\\\'un processus de veille technologique des nouveaux procédés et notions abordés pendant la mission'),
(55, 544, 'Mise en place d\\\'un processus de veille pour étudier les méthodes et procédés utilisés'),
(55, 581, 'Recherche et mise en place d\\\'un Feedly, une extension de chrome pour agréger les flux RSS et recherche manuelle d\\\'informations clé'),
(55, 589, 'Mise en place d\\\'une veille technologique'),
(55, 1075, 'Je définis une stratégie de recherche d\'informations en fonction du cahier des charges donnée'),
(55, 1103, 'Veille avec Google Alert'),
(55, 1178, 'Documents Stage 1ère année\r\nGoogle Alerte'),
(55, 1199, 'Utilisation de Google Alert et d\'un Word pour noter les articles intéressants.'),
(55, 1219, 'Suite à l\\\'incident à cause des failles Meltdown et Spectre, mon sujet de veille s\\\'est porté sur les failles. En effet comme nous l\\\'avons constaté une faille peut être très néfaste, il est donc important de se tenir informé de ce qu\\\'il se passe afin d\\'),
(55, 1220, 'On est averti grâce à un helpdesk et un site de messagerie commun à la mairie.'),
(55, 1222, 'Veille technologique sur les failles Meltdown et Spectre'),
(55, 1225, 'Réalisation d\\\'une veille technologique sur Windows 10.'),
(55, 1228, 'Mise en place d\\\'une stratégie de veille technologique grâce à divers outils et sauvegarde et résumé des informations importantes.'),
(55, 1234, 'veille technologique sur les méthodes de gestion android/bdd distante.'),
(55, 1238, NULL),
(55, 1247, 'J\'ai choisi d\'utiliser l\'outil NetVibes pour mettre en place une veille technologique efficace et simple d\'utilisation.\r\nAprès avoir selectionnés plusieurs flux RSS digne d\'intérêt, il a suffit de regrouper ces sources dans l\'interface pour pouvoir accéde'),
(55, 1248, NULL),
(55, 1251, NULL),
(55, 1254, 'Dispositif de veille technologique via google alert :\r\nCybercriminalité, eSport'),
(55, 1256, NULL),
(55, 1259, 'Se tenir constamment informer à propos d\'une technologie ou activité afin d\'en connaître tous les détails, nouveautés, avancées.\r\n'),
(55, 1261, NULL),
(55, 1263, NULL),
(55, 1264, NULL),
(55, 1265, NULL),
(55, 1293, NULL),
(55, 1303, 'Utilisation du site Netvibes pour la veille technologique et la recherche d\\\'information'),
(55, 1318, 'Veille technologique sur la réalité virtuelle et les technologies de développements liées. Utilisation de google alertes'),
(55, 1329, 'Etudes des dernières technologie disponible pour le projet en cours'),
(56, 581, 'J\\\'ai vu que j\\\'avais besoin de nouvelles connaissances grâce à la veille pour mettre en oeuvre mes objectifs professionnels'),
(56, 1076, 'Lors de trou pendant le projet (attente d\\\'un retour de la part du maître de stage ou de la cliente) continuer à se former sur des sites tel que Codecademy ou OpenClassroom.'),
(56, 1114, 'Auto-formation sur tous les outils utilisés (SSSD, LDAP, etc)'),
(56, 1162, NULL),
(56, 1164, NULL),
(56, 1196, 'Recherche d\\\'informations et de documentation sur Windows Server 2016 et Xen Server '),
(56, 1204, 'Auto formation à l\'AJAX via open classroom'),
(56, 1237, NULL),
(56, 1287, 'Cours-VBA'),
(56, 1303, 'Je me renseigne sur le site Netvibes et à l\\\'aide du moteur de recherche Google. '),
(56, 1325, NULL),
(57, 16, 'Etude du Framework PHP Symfony 2, du moteur de Template TWIG et de l\\\'ORM Doctrine 2.'),
(57, 122, 'Etude du Framework PHP Codeigniter et du Framework JavaScript HighCharts.'),
(57, 443, 'Documentation du logiciel'),
(57, 463, 'Rédaction d\\\'un dossier sur différents langages et technologies web et mobiles'),
(57, 542, 'Etudes de divers technologies, outils, plugins WordPress (gzip, WP Super Cache, WP total cache, Rocket, etc ...)'),
(57, 543, 'Etude des méthodes et outils utilisés pendant la mission'),
(57, 544, 'Documentation à propos d‘une technologie, d\\\'un composant, d\\\'un outil ou d\\\'une méthode'),
(57, 581, 'Apprentissage de divers technologies comme le C++, langage absolu de la programmation du jeu vidéo que l\\\'on a pas eu l\\\'occasion d\\\'aborder en cours'),
(57, 917, 'Documentation sur UCOPIA puis paramétrage des comptes utilisateurs.'),
(57, 1075, 'Lors de ma recherche de CRM, j\'ai du en télécharger un certain nombre et les tester afin de m’assurer de la maniabilité du logiciel et des problèmes que mon maître de stage pourrait rencontrer lors de son utilisation '),
(57, 1076, 'Etude d\\\'une nouvelle technologie jamais aborder jusqu\\\'à maintenant: le XPX, langage créée par une des sociétés de MILON Pascal (https://www.xpx-technologies.net/)'),
(57, 1092, 'Analyse et recherche sur les différents types de listes proposés par les librairies Microsoft afin de réduire la complexité d’exécution de la solution en accord avec les contraintes et les spécificités de la solution.'),
(57, 1103, 'Consulter la documentation du language / logiciel, exemple : Symfony / twig / php.'),
(57, 1114, 'Étude de MySQL Proxy, de MySQL Enterprise, des proxy users, du masquerading, de ldap et PAM, de SSSD.'),
(57, 1119, 'Etude de logiciel de  déploiement informatique :OSCAR et ACRONIS.'),
(57, 1134, 'étude framework Symfony 3'),
(57, 1136, 'Étude du monde de l\\\'électricité et de ses composants. Notion de courant fort, courant faible, câble RJ45, 3g 2.5, 3g 1.5, 5G 1.5, câble résistant à la chaleur.'),
(57, 1155, 'Recherches sur les méthodes possibles pour l\\\'analyse d\\\'images et de pixels.'),
(57, 1159, 'S1 : Apprentissage développement Android .'),
(57, 1162, NULL),
(57, 1164, 'prise en main de GuppY'),
(57, 1167, 'étude GPO microsoft et wpkg (déploiment)'),
(57, 1178, 'WWWDC - Stage 1ère année\r\nGoogle Alerte'),
(57, 1199, 'Consultation de la documentation des différents outils utilisés : Java / Eclipse.'),
(57, 1201, 'J\\\'ai étudié l\\\'outil EyesOfNetwork par rapport au logiciel \\&quot;The Dude\\&quot;'),
(57, 1204, 'Étude de la technologie AJAX'),
(57, 1207, 'Recherche sur comment utiliser JOOMLA, ses fonctionnalités...'),
(57, 1211, 'Lecture d\'une documentation détaillé technique sur XIVO'),
(57, 1212, 'étude du fonctionnement des firewall de cette marque, ces fonctionnalités et ces limites'),
(57, 1214, 'J\'ai pu étudier les différents composants d\'un ordinateur et apprendre à les différencier selon le besoin.'),
(57, 1215, 'Wordpress, plugin, mise à jour de ces composants.'),
(57, 1220, 'Se documenter à propos du fonctionnement des switchs HP et des routeurs. Exploitation de bornes wifi Alcatel-lucent, switch HP2510G-48 et routeur WRT45LG.'),
(57, 1221, 'Etude du fonctionnement du service mailinblack par leur documentations et par téléphone.'),
(57, 1225, 'Etude des différentes fonctionnalités de Windows 10.'),
(57, 1231, 'Apprentissage sur l\'utilisation de Wordpress et de ses modules'),
(57, 1232, 'Compréhension de la technologie mysql_query()'),
(57, 1233, 'Comprendre et se familiariser avec une nouvelle technologie. En comprendre les principes et le fonctionnement.'),
(57, 1234, ''),
(57, 1238, NULL),
(57, 1287, 'Chercher sur google'),
(57, 1290, NULL),
(57, 1299, 'Exploitation de bornes wifi Alcatel-lucent, switch HP2510G-48 et routeur WRT45LG.'),
(57, 1303, 'Je me renseigne sur le site Netvibes et à l\\\'aide du moteur de recherche Google. '),
(57, 1309, 'Exploitation de bornes wifi Alcatel-lucent, switch HP2510G-48 et routeur WRT45LG.'),
(57, 1325, NULL),
(57, 1329, 'Etude du micro pc raspberry pie'),
(57, 1333, NULL);

-- --------------------------------------------------------

--
-- Structure de la table `port_cadre`
--

CREATE TABLE `port_cadre` (
  `code` smallint(6) NOT NULL,
  `libelle` char(20) NOT NULL
) ENGINE=InnoDB DEFAULT CHARSET=utf8;

--
-- Déchargement des données de la table `port_cadre`
--

INSERT INTO `port_cadre` (`code`, `libelle`) VALUES
(1, 'Équipe'),
(2, 'Seul');

-- --------------------------------------------------------

--
-- Structure de la table `port_commentaire`
--

CREATE TABLE `port_commentaire` (
  `numero` int(11) NOT NULL,
  `refSituation` int(11) DEFAULT NULL,
  `numProfesseur` int(11) DEFAULT NULL,
  `commentaire` varchar(255) DEFAULT NULL,
  `datecommentaire` date DEFAULT NULL
) ENGINE=InnoDB DEFAULT CHARSET=utf8;

--
-- Déchargement des données de la table `port_commentaire`
--

INSERT INTO `port_commentaire` (`numero`, `refSituation`, `numProfesseur`, `commentaire`, `datecommentaire`) VALUES
(3, 1091, 6, 'Merci de placer les documents utilisés pour réaliser cette mission, ils seront nécessaires pour valider ces activités. FG', '2017-06-19'),
(4, 1092, 6, 'Merci de placer les documents utilisés pour réaliser cette mission, ils seront nécessaires pour valider ces activités. FG', '2017-06-19'),
(5, 1075, 6, 'Merci de placer les documents utilisés pour réaliser cette mission, ils seront nécessaires pour valider ces activités. FG', '2017-06-19'),
(9, 917, 6, 'Merci de placer les documents utilisés pour réaliser cette mission, ils seront nécessaires pour valider ces activités. FG', '2017-06-19'),
(10, 1098, 6, 'Merci de placer les documents utilisés pour réaliser cette mission, ils seront nécessaires pour valider ces activités. FG', '2017-06-19'),
(11, 112, 3, 'Bravo !', '2018-02-26');

-- --------------------------------------------------------

--
-- Structure de la table `port_competence`
--

CREATE TABLE `port_competence` (
  `id` smallint(6) NOT NULL,
  `idActivite` smallint(6) NOT NULL,
  `nomenclature` char(9) NOT NULL,
  `libelle` varchar(210) NOT NULL
) ENGINE=InnoDB DEFAULT CHARSET=utf8;

--
-- Déchargement des données de la table `port_competence`
--

INSERT INTO `port_competence` (`id`, `idActivite`, `nomenclature`, `libelle`) VALUES
(1, 1, 'C1.1.1.1', 'Recenser et caractériser les contextes d\'utilisation, les processus et les acteurs sur lesquels le service à produire aura un impact'),
(2, 1, 'C1.1.1.2', 'Identifier les fonctionnalités attendues du service à produire'),
(3, 1, 'C1.1.1.3', 'Préparer sa participation à une réunion'),
(4, 1, 'C1.1.1.4', 'Rédiger un compte-rendu d\'entretien, de réunion'),
(5, 2, 'C1.1.2.1', 'Analyser les interactions entre services'),
(6, 2, 'C1.1.2.2', 'Recenser les composants de l\'architecture technique sur lesquels le service à produire aura un impact'),
(7, 3, 'C1.1.3.1', 'Recenser et caractériser les exigences liées à la qualité attendue du service à produire'),
(8, 3, 'C1.1.3.2', 'Recenser et caractériser les exigences de sécurité pour le service à produire'),
(9, 4, 'C1.2.1.1', 'Recenser et caractériser des solutions répondant au cahier des charges (adaptation d\'une solution existante ou réalisation d\'une nouvelle)'),
(10, 4, 'C1.2.1.2', 'Estimer le coût d\'une solution'),
(11, 4, 'C1.2.1.3', 'Rédiger un dossier de choix et un argumentaire technique'),
(12, 5, 'C1.2.2.1', 'Recenser les composants nécessaires à la réalisation de la solution retenue'),
(13, 5, 'C1.2.2.2', 'Décrire l\'implantation des différents composants de la solution et les échanges entre eux '),
(14, 5, 'C1.2.2.3', 'Rédiger les spécifications fonctionnelles et techniques de la solution retenue dans le formalisme exigé par l\'organisation'),
(15, 6, 'C1.2.3.1', 'Recenser les risques liés à une mauvaise utilisation ou à une utilisation malveillante du service'),
(16, 6, 'C1.2.3.2', 'Recenser les risques liés à un dysfonctionnement du service'),
(17, 6, 'C1.2.3.3', 'Prévoir les conséquences techniques de la non prise en compte d\'un risque'),
(18, 7, 'C1.2.4.1', 'Recenser les tests d\'acceptation nécessaires à la validation du service et les résultats attendus'),
(19, 7, 'C1.2.4.2', 'Préparer les jeux d\'essai et les procédures pour la réalisation des tests'),
(20, 8, 'C1.2.5.1', 'Recenser les utilisateurs du service, leurs rôles et leur niveau de responsabilité'),
(21, 8, 'C1.2.5.2', 'Recenser les ressources liées à l\'utilisation du service'),
(22, 8, 'C1.2.5.3', 'Proposer les niveaux d\'habilitation associés au service'),
(23, 9, 'C1.3.1.1', 'Mettre en place l\'environnement de test du service'),
(24, 9, 'C1.3.1.2', 'Tester le service'),
(25, 9, 'C1.3.1.3', 'Rédiger le rapport de test'),
(26, 10, 'C1.3.2.1', 'Identifier les éléments à sauvegarder et à journaliser pour assurer la continuité du service et la traçabilité des transactions'),
(27, 10, 'C1.3.2.2', 'Spécifier les procédures d\'alerte associées au service'),
(28, 10, 'C1.3.2.3', 'Décrire les solutions de fonctionnement en mode dégradé et les procédures de reprise du service'),
(29, 11, 'C1.3.3.1', 'Mettre en place l\'environnement de formation au nouveau service'),
(30, 11, 'C1.3.3.2', 'Informer et former les utilisateurs'),
(31, 12, 'C1.3.4.1', 'Mettre au point une procédure d\'installation de la solution'),
(32, 12, 'C1.3.4.2', 'Automatiser l\'installation de la solution '),
(33, 12, 'C1.3.4.3', 'Mettre en exploitation le service'),
(34, 13, 'C1.4.1.1', 'Établir son planning personnel en fonction des exigences et du déroulement du projet'),
(35, 13, 'C1.4.1.2', 'Rendre compte de son activité'),
(36, 14, 'C1.4.2.1', 'Suivre l\'exécution du projet'),
(37, 14, 'C1.4.2.2', 'Analyser les écarts entre temps prévu et temps consommé'),
(38, 14, 'C1.4.2.3', 'Contribuer à l\'évaluation du projet'),
(39, 15, 'C1.4.3.1', 'Recenser les ressources humaines, matérielles, logicielles et budgétaires nécessaires à l\'exécution du projet et de ses tâches personnelles'),
(40, 15, 'C1.4.3.2', 'Adapter son planning personnel en fonction des ressources disponibles'),
(41, 16, 'C2.1.1.1', 'Aider les utilisateurs dans l\'appropriation du nouveau service'),
(42, 16, 'C2.1.1.2', 'Identifier des besoins de formation complémentaires'),
(43, 16, 'C2.1.1.3', 'Rendre compte de la satisfaction des utilisateurs'),
(44, 17, 'C2.1.2.1', 'Analyser les indicateurs de qualité du service'),
(45, 17, 'C2.1.2.2', 'Appliquer les procédures d\'alerte destinées à rétablir la qualité du service'),
(46, 17, 'C2.1.2.3', 'Vérifier périodiquement le fonctionnement du service en mode dégradé et la disponibilité des éléments permettant une reprise du service'),
(47, 17, 'C2.1.2.4', 'Superviser les services et leur utilisation'),
(48, 17, 'C2.1.2.5', 'Contrôler la confidentialité et l\'intégrité des données'),
(49, 17, 'C2.1.2.6', 'Exploiter les indicateurs et les fichiers d\'audit'),
(50, 17, 'C2.1.2.7', 'Produire les rapports d\'activité demandés par les différents acteurs'),
(51, 18, 'C2.2.1.1', 'Résoudre l\'incident en s\'appuyant sur une base de connaissances et la documentation associée ou solliciter l\'entité compétente'),
(52, 18, 'C2.2.1.2', 'Prendre le contrôle d\'un système à distance'),
(53, 18, 'C2.2.1.3', 'Rédiger un rapport d\'incident et mémoriser l\'incident et sa résolution dans une base de connaissances'),
(54, 18, 'C2.2.1.4', 'Faire évoluer une procédure de résolution d\'incident'),
(55, 19, 'C2.2.2.1', 'Identifier le niveau d\'assistance souhaité et proposer une réponse adaptée en s\'appuyant sur une base de connaissances et sur la documentation associée ou solliciter l\'entité compétente'),
(56, 19, 'C2.2.2.2', 'Informer l\'utilisateur de la situation de sa demande'),
(57, 19, 'C2.2.2.3', 'Prendre le contrôle d\'un poste utilisateur à distance'),
(58, 19, 'C2.2.2.4', 'Mémoriser la demande d\'assistance et sa réponse dans une base de connaissances'),
(59, 20, 'C2.2.3.1', 'Appliquer la procédure de continuité du service en mode dégradé'),
(60, 20, 'C2.2.3.2', 'Appliquer la procédure de reprise du service'),
(61, 21, 'C2.3.1.1', 'Repérer une suite de dysfonctionnements récurrents d\'un service'),
(62, 21, 'C2.3.1.2', 'Identifier les causes de ce dysfonctionnement'),
(63, 21, 'C2.3.1.3', 'Qualifier le problème (contexte et environnement)'),
(64, 21, 'C2.3.1.4', 'Définir le degré d\'urgence du problème'),
(65, 21, 'C2.3.1.5', 'Évaluer les conséquences techniques du problème'),
(66, 22, 'C2.3.2.1', 'Décrire les incidences d\'un changement proposé sur le service'),
(67, 22, 'C2.3.2.2', 'Évaluer le délai et le coût de réalisation du changement proposé'),
(68, 22, 'C2.3.2.3', 'Recenser les risques techniques, humains, financiers et juridiques associés au changement proposé'),
(69, 23, 'C3.1.1.1', 'Lister les composants matériels et logiciels nécessaires à la prise en charge des processus, des flux d\'information et de leur rôle'),
(70, 23, 'C3.1.1.2', 'Caractériser les éléments d\'interconnexion, les services, les serveurs et les équipements terminaux nécessaires'),
(71, 23, 'C3.1.1.3', 'Caractériser les éléments permettant d\'assurer la qualité et la sécurité des services'),
(72, 23, 'C3.1.1.4', 'Recenser les modifications et/ou les acquisitions nécessaires à la mise en place d\'une solution d\'infrastructure compatible avec le budget et le planning prévisionnels'),
(73, 23, 'C3.1.1.5', 'Caractériser les solutions d\'interconnexion utilisées entre un réseau et d\'autres réseaux internes ou externes à l\'organisation'),
(74, 24, 'C3.1.2.1', 'Concevoir une maquette de la solution'),
(75, 24, 'C3.1.2.2', 'Construire un prototype de la solution'),
(76, 24, 'C3.1.2.3', 'Préparer l\'intégration d\'un composant d\'infrastructure'),
(77, 25, 'C3.1.3.1', 'Caractériser des solutions de sécurité et en évaluer le coût'),
(78, 25, 'C3.1.3.2', 'Proposer une solution de sécurité compatible avec les contraintes techniques, financières, juridiques et organisationnelles'),
(79, 25, 'C3.1.3.3', 'Décrire une solution de sécurité et les risques couverts'),
(80, 26, 'C3.2.1.1', 'Installer et configurer un élément d\'interconnexion, un service, un serveur, un équipement terminal utilisateur'),
(81, 26, 'C3.2.1.2', 'Installer et configurer un élément d\'infrastructure permettant d\'assurer la continuité de service, un système de régulation des éléments d\'infrastructure, un outil de métrologie, un dispositif d\'alerte'),
(82, 26, 'C3.2.1.3', 'Installer et configurer des éléments de sécurité permettant d\'assurer la protection du système informatique'),
(83, 27, 'C3.2.2.1', 'Élaborer une procédure de remplacement ou de migration respectant la continuité d\'un service'),
(84, 27, 'C3.2.2.2', 'Mettre en œuvre une procédure de remplacement ou de migration'),
(85, 28, 'C3.2.3.1', 'Repérer les éléments de la documentation à mettre à jour'),
(86, 28, 'C3.2.3.2', 'Mettre à jour la documentation'),
(87, 29, 'C3.3.1.1', 'Installer et configurer des éléments d\'administration sur site ou à distance'),
(88, 29, 'C3.3.1.2', 'Administrer des éléments d\'infrastructure sur site ou à distance'),
(89, 30, 'C3.3.2.1', 'Installer et configurer des outils de sauvegarde et de restauration'),
(90, 30, 'C3.3.2.2', 'Définir des procédures de sauvegarde et de restauration'),
(91, 30, 'C3.3.2.3', 'Appliquer des procédures de sauvegarde et de restauration'),
(92, 31, 'C3.3.3.1', 'Identifier les besoins en gestion d\'identité permettant de protéger les éléments d\'une infrastructure'),
(93, 31, 'C3.3.3.2', 'Gérer des utilisateurs et une structure organisationnelle'),
(94, 31, 'C3.3.3.3', 'Affecter des droits aux utilisateurs sur les éléments d\'une solution d\'infrastructure'),
(95, 32, 'C3.3.4.1', 'Repérer les tâches d\'administration à automatiser'),
(96, 32, 'C3.3.4.2', 'Concevoir, réaliser et mettre en place une procédure d\'automatisation'),
(97, 33, 'C3.3.5.1', 'Installer et configurer les outils nécessaires à la production d\'indicateurs d\'activité et à l\'exploitation de fichiers d\'activité'),
(98, 33, 'C3.3.5.2', 'Assurer la confidentialité des informations collectées et traitées'),
(99, 34, 'C4.1.1.1', 'Identifier les composants logiciels nécessaires à la conception de la solution'),
(100, 34, 'C4.1.1.2', 'Estimer les éléments de coût et le délai de mise en œuvre de la solution'),
(101, 35, 'C4.1.2.1', 'Définir les spécifications de l\'interface utilisateur de la solution applicative'),
(102, 35, 'C4.1.2.2', 'Maquetter un élément de la solution applicative'),
(103, 35, 'C4.1.2.3', 'Concevoir et valider la maquette en collaboration avec des utilisateurs'),
(104, 36, 'C4.1.3.1', 'Modéliser le schéma de données nécessaire à la mise en place de la solution applicative'),
(105, 36, 'C4.1.3.2', 'Implémenter le schéma de données dans un SGBD'),
(106, 36, 'C4.1.3.3', 'Programmer des éléments de la solution applicative dans le langage d\'un SGBD'),
(107, 36, 'C4.1.3.4', 'Manipuler les données liées à la solution applicative à travers un langage de requête'),
(108, 37, 'C4.1.4.1', 'Recenser et caractériser les composants existants ou à développer utiles à la réalisation de la solution applicative dans le respect des budgets et planning prévisionnels'),
(109, 38, 'C4.1.5.1', 'Choisir les éléments de la solution à prototyper'),
(110, 38, 'C4.1.5.2', 'Développer un prototype'),
(111, 38, 'C4.1.5.3', 'Valider un prototype'),
(112, 39, 'C4.1.6.1', 'Mettre en place et exploiter un environnement de développement'),
(113, 39, 'C4.1.6.2', 'Mettre en place et exploiter un environnement de test'),
(114, 40, 'C4.1.7.1', 'Développer les éléments d\'une solution'),
(115, 40, 'C4.1.7.2', 'Créer un composant logiciel'),
(116, 40, 'C4.1.7.3', 'Analyser et modifier le code d\'un composant logiciel'),
(117, 40, 'C4.1.7.4', 'Utiliser des composants d\'accès aux données'),
(118, 40, 'C4.1.7.5', 'Mettre en place des éléments de sécurité liés à l\'utilisation d\'un composant logiciel'),
(119, 41, 'C4.1.8.1', 'Élaborer et réaliser des tests unitaires'),
(120, 41, 'C4.1.8.2', 'Mettre en évidence et corriger les écarts'),
(121, 42, 'C4.1.9.1', 'Produire ou mettre à jour la documentation technique d\'une solution applicative et de ses composants logiciels'),
(122, 43, 'C4.1.10.1', 'Rédiger la documentation d\'utilisation, une aide en ligne, une FAQ'),
(123, 43, 'C4.1.10.2', 'Adapter la documentation d\'utilisation à chaque contexte d\'utilisation'),
(124, 44, 'C4.2.1.1', 'Élaborer un jeu d\'essai permettant de reproduire le dysfonctionnement'),
(125, 44, 'C4.2.1.2', 'Repérer les composants à l\'origine du dysfonctionnement'),
(126, 44, 'C4.2.1.3', 'Concevoir les mises à jour à effectuer'),
(127, 44, 'C4.2.1.4', 'Réaliser les mises à jour'),
(128, 45, 'C4.2.2.1', 'Repérer les évolutions des composants utilisés et leurs conséquences'),
(129, 45, 'C4.2.2.2', 'Concevoir les mises à jour à effectuer'),
(130, 45, 'C4.2.2.3', 'Élaborer et réaliser les tests unitaires des composants mis à jour'),
(131, 46, 'C4.2.3.1', 'Élaborer et réaliser des tests d\'intégration et de non régression de la solution mise à jour'),
(132, 46, 'C4.2.3.2', 'Concevoir une procédure de migration et l\'appliquer dans le respect de la continuité de service'),
(133, 47, 'C4.2.4.1', 'Repérer les éléments de la documentation à mettre à jour'),
(134, 47, 'C4.2.4.2', 'Mettre à jour une documentation'),
(135, 48, 'C5.1.1.1', 'Recenser les caractéristiques techniques nécessaires à la gestion des éléments de la configuration d\'une organisation'),
(136, 48, 'C5.1.1.2', 'Paramétrer une solution de gestion des éléments d\'une configuration'),
(137, 49, 'C5.1.2.1', 'Renseigner les événements relatifs au cycle de vie d\'un élément de la configuration'),
(138, 49, 'C5.1.2.2', 'Actualiser les caractéristiques des éléments de la configuration'),
(139, 50, 'C5.1.3.1', 'Contrôler et auditer les éléments de la configuration'),
(140, 50, 'C5.1.3.2', 'Reconstituer un historique des modifications effectuées sur les éléments de la configuration'),
(141, 50, 'C5.1.3.3', 'Identifier les éléments de la configuration à modifier ou à remplacer'),
(142, 50, 'C5.1.3.4', 'Repérer les équipements obsolètes et en proposer le traitement dans le respect de la réglementation en vigueur'),
(143, 51, 'C5.1.4.1', 'Assister la maîtrise d\'ouvrage dans l\'analyse technique de la proposition de contrat'),
(144, 51, 'C5.1.4.2', 'Interpréter des indicateurs de suivi de la prestation associée à la proposition de contrat'),
(145, 51, 'C5.1.4.3', 'Renseigner les éléments permettant d\'estimer la valeur du service'),
(146, 52, 'C5.1.5.1', 'Vérifier un plan d\'amortissement'),
(147, 52, 'C5.1.5.2', 'Apprécier la valeur actuelle d\'un élément de configuration'),
(148, 53, 'C5.1.6.1', 'Renseigner les variables d\'une étude de rentabilité d\'un investissement'),
(149, 53, 'C5.1.6.2', 'Caractériser et prévoir les investissements matériels et logiciels'),
(150, 54, 'C5.2.1.1', 'Évaluer le degré de conformité des pratiques à un référentiel, à une norme ou à un standard adopté par le prestataire informatique'),
(151, 54, 'C5.2.1.2', 'Identifier et partager les bonnes pratiques à intégrer'),
(152, 55, 'C5.2.2.1', 'Définir une stratégie de recherche d\'informations'),
(153, 55, 'C5.2.2.2', 'Tenir à jour une liste de sources d\'information'),
(154, 55, 'C5.2.2.3', 'Évaluer la qualité d\'une source d\'information en fonction d\'un besoin'),
(155, 55, 'C5.2.2.4', 'Synthétiser et diffuser les résultats d\'une veille'),
(156, 56, 'C5.2.3.1', 'Identifier les besoins de formation pour mettre en œuvre une technologie, un composant, un outil ou une méthode'),
(157, 56, 'C5.2.3.2', 'Repérer l\'offre et les dispositifs de formation'),
(158, 57, 'C5.2.4.1', 'Se documenter à propos d‘une technologie, d\'un composant, d\'un outil ou d\'une méthode'),
(159, 57, 'C5.2.4.2', 'Identifier le potentiel et les limites d\'une technologie, d\'un composant, d\'un outil ou d\'une méthode par rapport à un service à produire');

-- --------------------------------------------------------

--
-- Structure de la table `port_domaine`
--

CREATE TABLE `port_domaine` (
  `id` smallint(6) NOT NULL,
  `idProcessus` smallint(6) NOT NULL,
  `nomenclature` char(4) NOT NULL,
  `libelle` varchar(60) NOT NULL
) ENGINE=InnoDB DEFAULT CHARSET=utf8;

--
-- Déchargement des données de la table `port_domaine`
--

INSERT INTO `port_domaine` (`id`, `idProcessus`, `nomenclature`, `libelle`) VALUES
(1, 1, 'D1.1', 'Analyse de la demande'),
(2, 1, 'D1.2', 'Choix d\'une solution'),
(3, 1, 'D1.3', 'Mise en production d\'un service'),
(4, 1, 'D1.4', 'Travail en mode projet'),
(5, 2, 'D2.1', 'Exploitation des services'),
(6, 2, 'D2.2', 'Gestion des incidents et des demandes d\'assistance'),
(7, 2, 'D2.3', 'Gestion des problèmes et des changements'),
(8, 3, 'D3.1', 'Conception d\'une solution d\'infrastructure'),
(9, 3, 'D3.2', 'Installation d\'une solution d\'infrastructure'),
(10, 3, 'D3.3', 'Administration et supervision d\'une infrastructure'),
(11, 4, 'D4.1', 'Conception et réalisation d\'une solution applicative'),
(12, 4, 'D4.2', 'Maintenance d\'une solution applicative'),
(13, 5, 'D5.1', 'Gestion des configurations'),
(14, 5, 'D5.2', 'Gestion des compétences');

-- --------------------------------------------------------

--
-- Structure de la table `port_epreuve`
--

CREATE TABLE `port_epreuve` (
  `id` smallint(6) NOT NULL,
  `nomenclature` char(4) NOT NULL
) ENGINE=InnoDB DEFAULT CHARSET=utf8;

--
-- Déchargement des données de la table `port_epreuve`
--

INSERT INTO `port_epreuve` (`id`, `nomenclature`) VALUES
(1, 'U4'),
(2, 'U5'),
(3, 'U6');

-- --------------------------------------------------------

--
-- Structure de la table `port_esttypo`
--

CREATE TABLE `port_esttypo` (
  `refSituation` int(11) NOT NULL DEFAULT '0',
  `codeTypologie` smallint(6) NOT NULL DEFAULT '0'
) ENGINE=InnoDB DEFAULT CHARSET=utf8;

--
-- Déchargement des données de la table `port_esttypo`
--

INSERT INTO `port_esttypo` (`refSituation`, `codeTypologie`) VALUES
(14, 1),
(14, 3),
(16, 1),
(81, 3),
(112, 2),
(112, 3),
(122, 1),
(122, 2),
(136, 4),
(140, 1),
(140, 3),
(141, 1),
(141, 3),
(166, 2),
(166, 3),
(176, 3),
(177, 1),
(177, 3),
(185, 3),
(321, 4),
(363, 1),
(363, 3),
(406, 1),
(406, 3),
(429, 3),
(442, 2),
(446, 4),
(463, 3),
(480, 1),
(542, 1),
(542, 2),
(542, 3),
(543, 1),
(543, 4),
(544, 1),
(544, 3),
(544, 4),
(581, 4),
(589, 4),
(605, 1),
(605, 3),
(607, 1),
(607, 3),
(608, 1),
(608, 3),
(609, 1),
(609, 3),
(921, 1),
(921, 3),
(1075, 2),
(1075, 4),
(1076, 1),
(1076, 2),
(1076, 3),
(1088, 2),
(1091, 1),
(1092, 1),
(1092, 3),
(1093, 1),
(1096, 2),
(1097, 1),
(1097, 3),
(1098, 1),
(1098, 3),
(1103, 1),
(1103, 2),
(1103, 3),
(1109, 1),
(1109, 3),
(1114, 1),
(1114, 3),
(1119, 2),
(1119, 3),
(1122, 1),
(1122, 2),
(1134, 1),
(1134, 3),
(1140, 1),
(1140, 3),
(1151, 1),
(1152, 2),
(1153, 1),
(1155, 1),
(1155, 3),
(1156, 1),
(1156, 2),
(1156, 3),
(1157, 1),
(1159, 1),
(1161, 2),
(1169, 1),
(1169, 3),
(1172, 1),
(1174, 1),
(1174, 2),
(1174, 3),
(1178, 4),
(1179, 1),
(1185, 2),
(1188, 1),
(1188, 3),
(1188, 4),
(1195, 1),
(1195, 2),
(1196, 1),
(1196, 2),
(1196, 3),
(1197, 3),
(1198, 2),
(1199, 1),
(1199, 4),
(1200, 2),
(1201, 1),
(1201, 3),
(1204, 1),
(1204, 2),
(1207, 1),
(1207, 2),
(1207, 3),
(1208, 1),
(1209, 1),
(1209, 2),
(1209, 3),
(1211, 1),
(1214, 1),
(1215, 1),
(1215, 3),
(1216, 1),
(1218, 1),
(1219, 2),
(1219, 4),
(1220, 1),
(1220, 2),
(1220, 3),
(1222, 4),
(1224, 3),
(1225, 1),
(1225, 4),
(1228, 4),
(1230, 1),
(1231, 1),
(1231, 3),
(1232, 1),
(1232, 2),
(1232, 3),
(1233, 1),
(1233, 2),
(1233, 3),
(1234, 1),
(1234, 3),
(1234, 4),
(1235, 1),
(1235, 2),
(1236, 1),
(1237, 2),
(1238, 4),
(1239, 1),
(1239, 2),
(1239, 3),
(1240, 2),
(1241, 1),
(1241, 2),
(1241, 3),
(1242, 1),
(1242, 2),
(1246, 2),
(1246, 3),
(1247, 4),
(1248, 4),
(1249, 1),
(1249, 3),
(1250, 2),
(1251, 4),
(1254, 4),
(1256, 4),
(1257, 1),
(1257, 2),
(1257, 3),
(1259, 4),
(1261, 4),
(1263, 4),
(1264, 4),
(1265, 4),
(1266, 1),
(1266, 2),
(1266, 3),
(1267, 1),
(1267, 3),
(1268, 1),
(1268, 3),
(1269, 1),
(1269, 3),
(1270, 1),
(1270, 3),
(1271, 1),
(1271, 3),
(1272, 1),
(1272, 2),
(1272, 3),
(1273, 1),
(1273, 3),
(1274, 1),
(1274, 3),
(1275, 1),
(1275, 3),
(1276, 1),
(1276, 3),
(1277, 1),
(1280, 1),
(1280, 3),
(1283, 1),
(1283, 2),
(1284, 1),
(1284, 3),
(1287, 2),
(1287, 3),
(1291, 1),
(1291, 3),
(1292, 1),
(1292, 3),
(1293, 4),
(1294, 1),
(1294, 3),
(1295, 1),
(1295, 3),
(1298, 4),
(1302, 3),
(1303, 4),
(1304, 2),
(1310, 1),
(1310, 3),
(1311, 1),
(1311, 3),
(1312, 1),
(1312, 3),
(1317, 1),
(1317, 3),
(1318, 4),
(1319, 1),
(1319, 3),
(1320, 1),
(1325, 1),
(1326, 1),
(1327, 1),
(1329, 1),
(1330, 2),
(1331, 1),
(1332, 3),
(1337, 1),
(1337, 3),
(1338, 1),
(1339, 1),
(1339, 3),
(1340, 3),
(1340, 4),
(1342, 2),
(1343, 1),
(1343, 3),
(1344, 2),
(1345, 4),
(1347, 1),
(1347, 3),
(1348, 1),
(1348, 3),
(1349, 1),
(1349, 2),
(1350, 1),
(1350, 2),
(1351, 1),
(1351, 3),
(1352, 2),
(1354, 1),
(1354, 3),
(1354, 4);

-- --------------------------------------------------------

--
-- Structure de la table `port_etudiant`
--

CREATE TABLE `port_etudiant` (
  `num` int(11) NOT NULL,
  `numGroupe` int(11) DEFAULT NULL,
  `nom` char(32) NOT NULL,
  `prenom` char(32) NOT NULL,
  `mel` char(64) NOT NULL,
  `mdp` char(32) NOT NULL,
  `numexam` char(16) DEFAULT NULL,
  `valide` char(1) NOT NULL DEFAULT 'O'
) ENGINE=InnoDB DEFAULT CHARSET=utf8;

--
-- Déchargement des données de la table `port_etudiant`
--

INSERT INTO `port_etudiant` (`num`, `numGroupe`, `nom`, `prenom`, `mel`, `mdp`, `numexam`, `valide`) VALUES
(7, 2, 'Grimal', 'Matthieu', 'slam@icof.fr', '12345678', '', 'O'),
(23, 3, 'Scheibli', 'Auguste', 'sisr@icof.fr', '12345678', '', 'O'),
(35, 2, 'Moreira', 'Liliana', 'liliana.moreira@icof.fr', '12345678', '', 'O'),
(75, 2, 'delay', 'anthony', 'anthony.delay@icof.fr', '12345678', NULL, 'O'),
(76, 2, 'diab', 'nicolas', 'nicolas.diab@icof.fr', '12345678', '', 'O'),
(100, 19, 'SAID', 'Fayçal', 'faycal.said@icof.fr', 'GXPUJ3EG', NULL, 'O'),
(128, 16, 'AZZOUG', 'Jaber', 'Jaber.AZZOUG@icof.fr', 'Z4FD5UUU', NULL, 'O'),
(131, 16, 'GIRARD', 'Arthur', 'Arthur.GIRARD@icof.fr', 'Arthur97', '', 'O'),
(145, 15, 'EMIEUX', 'Charles', 'charles.emieux@icof.fr', 'Ch120697', '', 'O'),
(159, 15, 'BARBET', 'Julien', 'Julien.BARBET@icof.fr', 'touta13', '', 'O'),
(160, 15, 'CARON', 'Timothee', 'Timothee.CARON@icof.fr', 'U4LQP3DS', NULL, 'O'),
(161, 15, 'LE', 'Hoang-Duy', 'Hoang-Duy.LE@icof.fr', 'duyduy', '', 'O'),
(162, 15, 'MINGUEZ', 'Gaspard', 'Gaspard.MINGUEZ@icof.fr', 'MMVFAAD5', NULL, 'O'),
(163, 15, 'PIOT', 'Julien', 'Julien.PIOT@icof.fr', 'btssiojp', '', 'O'),
(164, 15, 'VIDAL', 'Antoine', 'Antoine.VIDAL@icof.fr', 'azerty', '', 'O'),
(165, 15, 'BENSTITI', 'Nicolas', 'Nicolas.BENSTITI@icof.fr', 'Divis/0n', '', 'O'),
(166, 15, 'GANDY', 'Nicolas', 'Nicolas.GANDY@icof.fr', 'salokin', '', 'O'),
(167, 19, 'GUDET', 'romain', 'romain.gudet@icof.fr', '*M8l8tkh', '', 'O'),
(168, 15, 'JEANS', 'Sarah', 'Sarah.JEANS@icof.fr', 'M427W4UL', NULL, 'O'),
(169, 15, 'MIGLIANICO', 'Thomas', 'Thomas.MIGLIANICO@icof.fr', 'supermdp', '', 'O'),
(170, 15, 'VALLAS', 'Louis', 'Louis.VALLAS@icof.fr', 'megamdp', '', 'O'),
(171, 15, 'WALLYN', 'Pierre', 'Pierre.WALLYN@icof.fr', 'BGBYGCWE', NULL, 'O'),
(172, 15, 'ZERBIB', 'Julian', 'Julian.ZERBIB@icof.fr', '97B54PWX', NULL, 'O'),
(173, 15, 'THERET', 'Tom', 'Tom.THERET@icof.fr', 'XMHXE4UK', NULL, 'O'),
(174, 16, 'BLUM', 'Cathy', 'Cathy.BLUM@icof.fr', '6YY99Z4J', NULL, 'O'),
(175, 16, 'BOYET', 'Aurelien', 'Aurelien.BOYET@icof.fr', '12345678', '', 'O'),
(176, 16, 'COUSTAURY', 'Enzo', 'Enzo.COUSTAURY@icof.fr', 'ZX58R45C', NULL, 'O'),
(177, 16, 'DENIS', 'Maxime', 'Maxime.DENIS@icof.fr', 'tennis', '', 'O'),
(178, 20, 'MONTESINOS', 'Eddie', 'Eddie.MONTESINOS@icof.fr', 'VKP48UFT', NULL, 'O'),
(179, 16, 'OBAID', 'Ali', 'Ali.OBAID@icof.fr', 'EYFHDW84', NULL, 'O'),
(180, 20, 'PERONET', 'Johanna', 'Johanna.PERONET@icof.fr', '8WR6EGY9', NULL, 'O'),
(181, 16, 'PLATROZ', 'Benjamin', 'Benjamin.PLATROZ@icof.fr', 'Fretagra', '', 'O'),
(182, 16, 'RAFFENOT', 'lucas', 'lucas.raffenot@icof.fr', 'kiritodu', '', 'O'),
(183, 19, 'REVELLAT', 'Quentin', 'Quentin.REVELLAT@icof.fr', 'CCBZFHW7', NULL, 'O'),
(184, 16, 'ROGER', 'Benjamin', 'Benjamin.ROGER@icof.fr', 'titi69', '', 'O'),
(185, 16, 'ROLLIER', 'Anthony', 'Anthony.ROLLIER@icof.fr', 'pegasedu', '', 'O'),
(186, 16, 'TOSSE', 'Berenger', 'Berenger.TOSSE@icof.fr', 'L9AVPFUA', NULL, 'O'),
(187, 16, 'PONTILLE', 'Aldric', 'Aldric.PONTILLE@icof.fr', 'aldricp', '', 'O'),
(188, 16, 'MICHAUT', 'Arthur', 'Arthur.MICHAUT@icof.fr', 'kappa', '', 'O'),
(189, 15, 'BAILLAT', 'Axel', 'axel.baillat@icof.fr', '12345678', NULL, 'O'),
(190, 20, 'BORNE', 'Steven', 'steven.borne@icof.fr', 'WX7MAKGD', NULL, 'O'),
(191, 20, 'BRITTI', 'Yohan', 'yohan.britti@icof.fr', '6GQTWTTJ', NULL, 'O'),
(192, 20, 'CANTAGALLO', 'Clément', 'clement.cantagallo@icof.fr', '8CCFQLDB', NULL, 'O'),
(193, 20, 'CARTALAS', 'Marion', 'marion.cartalas@icof.fr', '92UX7TJD', NULL, 'O'),
(194, 20, 'CHAPOT', 'Alexandre', 'alexandre.chapot@icof.fr', '3JZB7U9F', NULL, 'O'),
(195, 20, 'CORRAND', 'Melvin', 'melvin.corrand@icof.fr', 'LLZ2UJ54', NULL, 'O'),
(196, 20, 'HEDHLI', 'Walid', 'walid.hedhli@icof.fr', 'FBQBSCCP', NULL, 'O'),
(197, 20, 'LADOUGNE', 'Pierrick', 'pierrick.ladougne@icof.fr', 'HREBYMLG', NULL, 'O'),
(198, 20, 'LALARDIE', 'Antoine', 'antoine.lalardie@icof.fr', '2V6RLYYM', NULL, 'O'),
(199, 20, 'MATHELIN', 'Baptiste', 'baptiste.mathelin@icof.fr', 'UFUSPD6H', NULL, 'O'),
(200, 20, 'MONDAN', 'Clément', 'clement.mondan@icof.fr', 'H9XKB4WT', NULL, 'O'),
(202, 20, 'ONG', 'Senli', 'senli.ong@icof.fr', 'C7YYL2V8', NULL, 'O'),
(203, 20, 'PERONET', 'Johanna', 'johanna.peronet@icof.fr', 'FZ2JXDTD', NULL, 'N'),
(204, 20, 'RIBERA', 'Guillem', 'guillem.ribera@icof.fr', 'H7WA6E8X', NULL, 'O'),
(205, 20, 'SAGE', 'Kilian', 'kilian.sage@icof.fr', '9SADTVJ2', NULL, 'O'),
(206, 20, 'TUSALAMO', 'Thierry', 'thierry.tusalamo@icof.fr', 'XHLD62MV', NULL, 'O'),
(207, 19, 'ABDULLAHI', 'Mahfoud', 'mahfoud.abdullahi@icof.fr', 'A9TXT78V', NULL, 'O'),
(208, 19, 'ABITBOL', 'Jérémy', 'jeremy.abitbol@icof.fr', 'TBPSGCDK', NULL, 'O'),
(209, 19, 'AJOVALASIT', 'Kelian', 'kelian.ajovalasit@icof.fr', 'SG3JF876', NULL, 'O'),
(210, 19, 'AMRI', 'Hamaied', 'hamaied.amri@icof.fr', 'QPR46ERP', NULL, 'O'),
(212, 19, 'BENKESSAS', 'Benjamin', 'benjamin.benkessas@icof.fr', '6YLDQ553', NULL, 'O'),
(213, 19, 'BINVIGNAT', 'Louise', 'louise.binvignat@icof.fr', 'MYUB5CKR', NULL, 'O'),
(214, 19, 'CHAVEE', 'Antoine', 'antoine.chavee@icof.fr', 'LDS8H63X', NULL, 'O'),
(215, 19, 'GOUBIER', 'Arnaud', 'arnaud.goubier@icof.fr', '9DYFQMDB', NULL, 'O'),
(216, 19, 'RUIZ', 'Louka', 'louka.ruiz@icof.fr', '29ZQYQWY', NULL, 'O'),
(218, 19, 'SEILLET', 'Cécile', 'cecile.seillet@icof.fr', 'VLU76FXZ', NULL, 'O'),
(219, 19, 'TOLBA', 'Zakarya', 'zakarya.tolba@icof.fr', 'QB3VMA32', NULL, 'O'),
(220, 19, 'TOURRETTE', 'Mathieu', 'mathieu.tourrette@icof.fr', 'DS5Z2FW7', NULL, 'O'),
(221, 19, 'BELLE', 'Maxime', 'maxime.belle@icof.fr', 'CB49F42D', NULL, 'O');

-- --------------------------------------------------------

--
-- Structure de la table `port_evalue`
--

CREATE TABLE `port_evalue` (
  `idParcours` smallint(6) NOT NULL DEFAULT '0',
  `idEpreuve` smallint(6) NOT NULL DEFAULT '0',
  `idActivite` smallint(6) NOT NULL DEFAULT '0'
) ENGINE=InnoDB DEFAULT CHARSET=utf8;

--
-- Déchargement des données de la table `port_evalue`
--

INSERT INTO `port_evalue` (`idParcours`, `idEpreuve`, `idActivite`) VALUES
(0, 1, 5),
(0, 1, 7),
(0, 1, 9),
(0, 1, 12),
(0, 1, 18),
(0, 1, 19),
(0, 1, 20),
(0, 1, 24),
(0, 1, 26),
(0, 1, 27),
(0, 1, 28),
(0, 1, 29),
(0, 1, 32),
(0, 1, 33),
(0, 1, 35),
(0, 1, 36),
(0, 1, 38),
(0, 1, 39),
(0, 1, 40),
(0, 1, 41),
(0, 1, 42),
(0, 1, 43),
(0, 1, 44),
(0, 1, 45),
(0, 1, 46),
(0, 1, 47),
(0, 2, 1),
(0, 2, 2),
(0, 2, 3),
(0, 2, 4),
(0, 2, 6),
(0, 2, 8),
(0, 2, 10),
(0, 2, 21),
(0, 2, 22),
(0, 2, 23),
(0, 2, 25),
(0, 2, 30),
(0, 2, 31),
(0, 2, 34),
(0, 2, 37),
(0, 2, 52),
(0, 2, 53),
(0, 3, 11),
(0, 3, 13),
(0, 3, 14),
(0, 3, 15),
(0, 3, 16),
(0, 3, 17),
(0, 3, 48),
(0, 3, 49),
(0, 3, 50),
(0, 3, 51),
(0, 3, 54),
(0, 3, 55),
(0, 3, 56),
(0, 3, 57),
(1, 1, 5),
(1, 1, 7),
(1, 1, 9),
(1, 1, 12),
(1, 1, 18),
(1, 1, 19),
(1, 1, 20),
(1, 1, 24),
(1, 1, 26),
(1, 1, 27),
(1, 1, 28),
(1, 1, 29),
(1, 1, 32),
(1, 1, 33),
(1, 2, 1),
(1, 2, 2),
(1, 2, 3),
(1, 2, 4),
(1, 2, 6),
(1, 2, 8),
(1, 2, 10),
(1, 2, 21),
(1, 2, 22),
(1, 2, 23),
(1, 2, 25),
(1, 2, 30),
(1, 2, 31),
(1, 2, 52),
(1, 2, 53),
(1, 3, 11),
(1, 3, 13),
(1, 3, 14),
(1, 3, 15),
(1, 3, 16),
(1, 3, 17),
(1, 3, 48),
(1, 3, 49),
(1, 3, 50),
(1, 3, 51),
(1, 3, 54),
(1, 3, 55),
(1, 3, 56),
(1, 3, 57),
(2, 1, 5),
(2, 1, 7),
(2, 1, 9),
(2, 1, 12),
(2, 1, 18),
(2, 1, 19),
(2, 1, 20),
(2, 1, 35),
(2, 1, 36),
(2, 1, 38),
(2, 1, 39),
(2, 1, 40),
(2, 1, 41),
(2, 1, 42),
(2, 1, 43),
(2, 1, 44),
(2, 1, 45),
(2, 1, 46),
(2, 1, 47),
(2, 2, 1),
(2, 2, 2),
(2, 2, 3),
(2, 2, 4),
(2, 2, 6),
(2, 2, 8),
(2, 2, 10),
(2, 2, 21),
(2, 2, 22),
(2, 2, 34),
(2, 2, 37),
(2, 2, 52),
(2, 2, 53),
(2, 3, 11),
(2, 3, 13),
(2, 3, 14),
(2, 3, 15),
(2, 3, 16),
(2, 3, 17),
(2, 3, 48),
(2, 3, 49),
(2, 3, 50),
(2, 3, 51),
(2, 3, 54),
(2, 3, 55),
(2, 3, 56),
(2, 3, 57);

-- --------------------------------------------------------

--
-- Structure de la table `port_exerce`
--

CREATE TABLE `port_exerce` (
  `numProfesseur` int(11) NOT NULL,
  `numGroupe` int(11) NOT NULL
) ENGINE=InnoDB DEFAULT CHARSET=utf8;

--
-- Déchargement des données de la table `port_exerce`
--

INSERT INTO `port_exerce` (`numProfesseur`, `numGroupe`) VALUES
(1, 1),
(2, 2),
(2, 3),
(2, 13),
(2, 14),
(2, 15),
(2, 16),
(2, 19),
(2, 20),
(3, 2),
(3, 3),
(3, 13),
(3, 14),
(3, 15),
(3, 16),
(3, 19),
(3, 20),
(4, 2),
(4, 3),
(5, 2),
(5, 3),
(5, 13),
(5, 14),
(5, 15),
(5, 16),
(5, 19),
(5, 20),
(6, 2),
(6, 3),
(6, 13),
(6, 14),
(6, 15),
(6, 19),
(9, 2),
(9, 3),
(9, 13),
(9, 14),
(9, 15),
(9, 16),
(9, 19),
(9, 20),
(11, 13),
(12, 2),
(12, 3),
(12, 15),
(12, 16),
(12, 19),
(12, 20),
(13, 2),
(13, 3),
(13, 19),
(13, 20);

-- --------------------------------------------------------

--
-- Structure de la table `port_exploite`
--

CREATE TABLE `port_exploite` (
  `idParcours` smallint(6) NOT NULL DEFAULT '0',
  `idProcessus` smallint(6) NOT NULL DEFAULT '0'
) ENGINE=InnoDB DEFAULT CHARSET=utf8;

--
-- Déchargement des données de la table `port_exploite`
--

INSERT INTO `port_exploite` (`idParcours`, `idProcessus`) VALUES
(1, 1),
(1, 2),
(1, 3),
(1, 5),
(2, 1),
(2, 2),
(2, 4),
(2, 5);

-- --------------------------------------------------------

--
-- Structure de la table `port_groupe`
--

CREATE TABLE `port_groupe` (
  `num` int(11) NOT NULL,
  `nom` char(12) DEFAULT NULL,
  `annee` char(2) DEFAULT NULL,
  `idParcours` smallint(6) DEFAULT '0'
) ENGINE=InnoDB DEFAULT CHARSET=utf8;

--
-- Déchargement des données de la table `port_groupe`
--

INSERT INTO `port_groupe` (`num`, `nom`, `annee`, `idParcours`) VALUES
(1, 'admins', '00', 0),
(2, 'modeleSLAM', '00', 2),
(3, 'modeleSISR', '00', 1),
(13, 'SISR2015', '17', 1),
(14, 'SLAM2015', '17', 2),
(15, 'SLAM2016', '18', 2),
(16, 'SISR2016', '18', 1),
(19, 'SLAM2017', '19', 2),
(20, 'SISR2017', '19', 1);

-- --------------------------------------------------------

--
-- Structure de la table `port_localisation`
--

CREATE TABLE `port_localisation` (
  `code` smallint(6) NOT NULL,
  `libelle` char(32) NOT NULL
) ENGINE=InnoDB DEFAULT CHARSET=utf8;

--
-- Déchargement des données de la table `port_localisation`
--

INSERT INTO `port_localisation` (`code`, `libelle`) VALUES
(1, 'Organisation'),
(2, 'Centre de formation');

-- --------------------------------------------------------

--
-- Structure de la table `port_parcours`
--

CREATE TABLE `port_parcours` (
  `id` smallint(6) NOT NULL,
  `nomenclature` char(4) NOT NULL,
  `libelle` varchar(50) NOT NULL
) ENGINE=InnoDB DEFAULT CHARSET=utf8;

--
-- Déchargement des données de la table `port_parcours`
--

INSERT INTO `port_parcours` (`id`, `nomenclature`, `libelle`) VALUES
(0, '****', 'Indifférencié'),
(1, 'SISR', 'Solutions d’infrastructure, systèmes et réseaux'),
(2, 'SLAM', 'solutions logicielles et applications métiers');

-- --------------------------------------------------------

--
-- Structure de la table `port_processus`
--

CREATE TABLE `port_processus` (
  `id` smallint(6) NOT NULL,
  `nomenclature` char(2) NOT NULL,
  `libelle` varchar(60) NOT NULL
) ENGINE=InnoDB DEFAULT CHARSET=utf8;

--
-- Déchargement des données de la table `port_processus`
--

INSERT INTO `port_processus` (`id`, `nomenclature`, `libelle`) VALUES
(1, 'P1', 'Production de services'),
(2, 'P2', 'Fourniture de services'),
(3, 'P3', 'Conception et maintenance de solutions d’infrastructure'),
(4, 'P4', 'Conception et maintenance de solutions applicatives'),
(5, 'P5', 'Gestion du patrimoine informatique');

-- --------------------------------------------------------

--
-- Structure de la table `port_production`
--

CREATE TABLE `port_production` (
  `numero` int(11) NOT NULL,
  `refSituation` int(11) NOT NULL,
  `designation` varchar(255) DEFAULT NULL,
  `adresse` varchar(255) DEFAULT NULL
) ENGINE=InnoDB DEFAULT CHARSET=utf8;

--
-- Déchargement des données de la table `port_production`
--

INSERT INTO `port_production` (`numero`, `refSituation`, `designation`, `adresse`) VALUES
(8, 14, 'A1.1.1 : Analyse du cahier des charges', 'http://agst.sch.overblog.com/a1-1-1-analyse-du-cahier-des-charges-d-un-service-a-produire'),
(10, 14, 'A1.1.3 : Étude des exigences liées à la qualité attendue d\\\'un service ', 'http://agst.sch.overblog.com/a1-1-3-etude-des-exigences-liees-a-la-qualite-attendue-d-un-service'),
(11, 14, 'A1.2.2 Rédaction des spécifications techniques de la solution retenue (adaptation d\\\'une solution existante ou réalisation d\\\'une nouvelle solution) ', 'http://agst.sch.overblog.com/a1-2-2-redaction-des-specifications-techniques-de-la-solution-retenue-adaptation-d-une-solution-existante-ou-realisation-d-une-nouvelle'),
(12, 14, 'A1.2.3 Évaluation des risques liés à l\\\'utilisation d\\\'un service ', 'http://agst.sch.overblog.com/a1-2-3-evaluation-des-risques-lies-a-l-utilisation-d-un-service'),
(13, 14, 'A1.3.1 Test d\\\'intégration et d\\\'acceptation d\\\'un service ', 'http://agst.sch.overblog.com/a1-3-1-test-d-integration-et-d-acceptation-d-un-service'),
(14, 14, 'A1.3.3 Accompagnement de la mise en place d\\\'un nouveau service ', 'http://agst.sch.overblog.com/a1-3-3-accompagnement-de-la-mise-en-place-d-un-nouveau-service'),
(15, 14, 'A1.4.2 Évaluation des indicateurs de suivi d\\\'un projet et justification des écarts ', 'http://agst.sch.overblog.com/a1-4-2-evaluation-des-indicateurs-de-suivi-d-un-projet-et-justification-des-ecarts'),
(16, 14, 'A1.4.3 Gestion des ressources ', 'http://agst.sch.overblog.com/a1-4-3-gestion-des-ressources'),
(17, 14, 'A2.1.2 Évaluation et maintien de la qualité d\\\'un service ', 'http://agst.sch.overblog.com/a2-1-2-evaluation-et-maintien-de-la-qualite-d-un-service'),
(18, 14, 'A3.3.1 Administration sur site ou à distance des éléments d\\\'un réseau, de serveurs, de services et d\\\'équipements terminaux ', 'http://agst.sch.overblog.com/a3-3-1-administration-sur-site-ou-a-distance-des-elements-d-un-reseau-de-serveurs-de-services-et-d-equipements-terminaux'),
(19, 14, 'A3.3.5 Gestion des indicateurs et des fichiers d\\\'activité ', 'http://agst.sch.overblog.com/a3-3-5-gestion-des-indicateurs-et-des-fichiers-d-activite'),
(20, 14, 'A4.1.9 Rédaction d\\\'une documentation technique ', 'http://agst.sch.overblog.com/a4-1-9-redaction-d-une-documentation-technique'),
(27, 11, 'Rapport de Stage', 'http://saya-irino.fr/ICOF/Rapport%20de%20Stage.pdf'),
(28, 16, 'Rapport de Stage', 'http://saya-irino.fr/ICOF/Rapport%20de%20Stage.pdf'),
(71, 122, 'Rapport de Stage', 'http://saya-irino.fr/ICOF/Rapport%20de%20Stage%202.pdf'),
(73, 122, 'Planning', 'http://saya-irino.fr/ICOF/planning.xlsx'),
(74, 122, 'Traitement de bug', 'http://saya-irino.fr/ICOF/RE%20ent%20%C3%A0%20nouveau%20impossible%20de%20mettre%20des%20commentaires%20dans%20l\\\'offre%20et%20%C3%A0%20partir%20de%20la%20liste%20devis%20%C3%A0%20faire.htm'),
(75, 122, 'Traitement de Bug', 'http://saya-irino.fr/ICOF/RE%20ent%20commentaires%20sur%20affaires%20en%20s%C3%A9lection%20pas%20sur%20la%20bonne%20affaire%20.htm'),
(76, 122, 'Base de données', 'http://saya-irino.fr/ICOF/bdd.svg'),
(77, 122, 'Maquette d\\\'Interface', 'http://saya-irino.fr/ICOF/gerant_v1.png'),
(78, 122, 'Trigger', 'http://saya-irino.fr/ICOF/trigger%20tranche.sql'),
(79, 122, 'Trigger', 'http://saya-irino.fr/ICOF/trigger%20tranche%20update.sql'),
(80, 79, 'Notes sur les normes de développement', 'http://saya-irino.fr/ICOF/PPE0/Grimal%20-%20Note%20Normes.docx'),
(81, 79, 'Tuto d\\\'installation', 'http://saya-irino.fr/ICOF/PPE0/Grimal%20-%20Tutos%20install%20appli.docx'),
(82, 80, 'Documentation technique', 'http://saya-irino.fr/ICOF/PPE1/Documentation%20Technique%20GSB%20-%20Team%20B.docx'),
(83, 80, 'Gantt', 'http://saya-irino.fr/ICOF/PPE1/GSB%20Gantt%20-%20Team%20B.xlsx'),
(85, 80, 'Tâches à effectuer', 'http://saya-irino.fr/ICOF/PPE1/T%c3%a2ches%20%c3%a0%20effectu%c3%a9es%20-%20Richard,%20Sok,%20Grimal.docx'),
(86, 81, 'Jeu d\\\'essai', 'http://saya-irino.fr/ICOF/PPE2/Fiche%20test%20visualition%20TEAM%20B.docx'),
(87, 81, 'Tâches à effectuer', 'http://saya-irino.fr/ICOF/PPE2/GSB2%20-%20T%c3%a2ches%20-%20Team%20B.docx'),
(88, 81, 'Maquette', 'http://saya-irino.fr/ICOF/PPE2/Gestion%20visiteurs.png'),
(89, 81, 'Jeu d\\\'essai', 'http://saya-irino.fr/ICOF/PPE2/Jeux%20d\\\'essai%20secteur.docx'),
(90, 81, 'Tâches à effectuer', 'http://saya-irino.fr/ICOF/PPE2/T%c3%a2ches%20TEAM%20B.xlsx'),
(91, 81, 'Documentation technique', 'http://saya-irino.fr/ICOF/PPE2/doc%20gestion%20visiteurs%20-%20Team%20B.docx'),
(92, 81, 'Jeu d\\\'essai', 'http://saya-irino.fr/ICOF/PPE2/fiche%20test%20gestion%20visiteurs%20-%20Team%20B.docx'),
(93, 81, 'Maquette', 'http://saya-irino.fr/ICOF/PPE2/secteur_add_edit_list.png'),
(94, 81, 'Maquette', 'http://saya-irino.fr/ICOF/PPE2/secteur_affectation.png'),
(95, 81, 'Maquette', 'http://saya-irino.fr/ICOF/PPE2/visualisation%20des%20frais.png'),
(105, 112, 'A3.3.3 Gestion des identités et des habilitations', 'http://agst.sch.overblog.com/a3.3.3-gestion-des-identit%C3%A9s-et-des-habilitations'),
(106, 112, 'A3.3.1 Administration sur site ou à distance des éléments d\\\'un réseau, de serveurs, de services et d\\\'équipements terminaux', 'http://agst.sch.overblog.com/a3.3.1-administration-sur-site-ou-%C3%A0-distance-des-%C3%A9l%C3%A9ments-d-un-r%C3%A9seau-de-serveurs-de-services-et-d-%C3%A9quipements-terminaux'),
(107, 112, 'A2.2.2 Suivi et réponse à des demandes d\\\'assistance', 'http://agst.sch.overblog.com/a2.2.2-suivi-et-r%C3%A9ponse-%C3%A0-des-demandes-d-assistance'),
(108, 112, 'A2.2.1 Suivi et résolution d\\\'incidents', 'http://agst.sch.overblog.com/a2.2.1-suivi-et-r%C3%A9solution-d-incidents'),
(155, 166, 'A2.2.1 Suivi et résolution d\\\'incidents', 'http://agst.sch.overblog.com/a2.2.1-suivi-et-r%C3%A9solution-d-incidents'),
(156, 166, 'A3.3.1 Administration sur site ou à distance des éléments d\\\'un réseau, de serveurs, de services et d\\\'équipements terminaux', 'http://agst.sch.overblog.com/a3.3.1-administration-sur-site-ou-%C3%A0-distance-des-%C3%A9l%C3%A9ments-d-un-r%C3%A9seau-de-serveurs-de-services-et-d-%C3%A9quipements-terminaux'),
(159, 136, 'Netvibes', 'http://www.netvibes.com'),
(163, 140, 'Cas d\\\'utilisation textuelle', 'http://saya-irino.fr/ICOF/E4/Situation%201/Cas_Utilisation_Web.docx'),
(164, 140, 'Diagramme de cas d\\\'utilisation', 'http://saya-irino.fr/ICOF/E4/Situation%201/Cas_Utilisation_Web.vsdx'),
(165, 140, 'Description', 'http://saya-irino.fr/ICOF/E4/Situation%201/Epreuve%20E4.docx'),
(166, 140, 'Jeux d\\\'essai', 'http://saya-irino.fr/ICOF/E4/Situation%201/Jeux%20d\\\'essai.docx'),
(167, 140, 'Spécifications Techniques', 'http://saya-irino.fr/ICOF/E4/Situation%201/Sp%c3%a9cifications%20Techniques.docx'),
(168, 140, 'MCD', 'http://saya-irino.fr/ICOF/E4/Situation%201/bdd.png'),
(169, 140, 'Script SQL', 'http://saya-irino.fr/ICOF/E4/Situation%201/creabas.sql'),
(170, 141, 'Diagramme de cas d\\\'utilisation', 'http://saya-irino.fr/ICOF/E4/Situation%202/Diagramme%20de%20cas%20d\\\'utilisation.vsdx'),
(171, 141, 'Description', 'http://saya-irino.fr/ICOF/E4/Situation%202/Epreuve%20E4.docx'),
(172, 141, 'Spécifications Techniques', 'http://saya-irino.fr/ICOF/E4/Situation%202/Sp%c3%a9cifications%20Techniques.docx'),
(173, 141, 'MCD', 'http://saya-irino.fr/ICOF/E4/Situation%202/bdd.png'),
(174, 141, 'Script SQL', 'http://saya-irino.fr/ICOF/E4/Situation%202/crebas.sql'),
(223, 16, 'Documentation Symfony 2', 'http://symfony.com/doc/current/index.html'),
(229, 122, 'Documentation CodeIgniter', 'http://codeigniter.fr/user_guide/index.html'),
(230, 122, 'Rapport de Stage Annexes', 'http://saya-irino.fr/ICOF/Rapport%20de%20stage%202%20annexe.pdf'),
(273, 79, 'CDC', 'http://saya-irino.fr/ICOF/GSB-FicheDescriptive.doc'),
(274, 80, 'CDC', 'http://saya-irino.fr/ICOF/GSB-FicheDescriptive.doc'),
(275, 81, 'CDC', 'http://saya-irino.fr/ICOF/GSB-FicheDescriptive.doc'),
(286, 176, 'A1.1.1 Analyse du cahier des charges d\\\'un service à produire', 'https://www.dropbox.com/s/1qks8kwcjcbyje4/Doc%20-%20Analyse%20des%20besoins.pdf'),
(288, 176, 'A1.1.1 Analyse du cahier des charges d\\\'un service à produire (fichiers Excel)', 'https://www.dropbox.com/s/zbl4y2s5epm2d8z/Doc%20-%20Fichiers%20Excel%20de%20base.pdf'),
(289, 176, 'A1.2.2 Rédaction des spécifications techniques de la solution retenue', 'https://www.dropbox.com/s/uo3ykmzrh9y914n/Doc%20-%20Sp%C3%A9cifications%20techniques.pdf'),
(291, 177, 'A1.4.1 Participation à un projet', 'https://www.dropbox.com/s/o43jj0vz0ubycam/Doc%20-%20Planning.pdf'),
(292, 177, 'A4.1.8 Réalisation des tests nécessaires à la validation d\\\'éléments adaptés ou développés', 'https://www.dropbox.com/s/tp1wa57raij9r4q/Doc%20-%20Tests.pdf'),
(293, 177, 'A4.1.9 Rédaction d\\\'une documentation technique', 'https://www.dropbox.com/sh/waguajrh023z7ja/k3bFoephic'),
(295, 185, 'A4.1.1 Rédaction d\\\'une documentation d\\\'utilisation', 'https://www.dropbox.com/s/b3hshj4sniy0m98/Doc%20-%20Documentation%20utilisateur%202.0.pdf'),
(297, 177, 'A4.2.1 Analyse et correction d\\\'un dysfonctionnement, d\\\'un problème de qualité de service ou de sécurité', 'https://www.dropbox.com/s/rlki2agtaaxu67z/Doc%20-%20Probl%C3%A8mes%20%C3%A0%20r%C3%A9soudre.pdf'),
(304, 177, 'A5.1.1 Mise en place d\\\'une gestion de configuration', 'https://www.dropbox.com/sh/r4hponbiviaelhc/5vcKjpgrcD'),
(403, 176, 'A4.1.2 Conception ou adaptation de l\\\'interface utilisateur d\\\'une solution applicative (maquettes)', 'https://www.dropbox.com/sh/mjld8m99x6jaoic/egEhoO88iv'),
(419, 177, 'A5.2.2 Veille technologique', 'https://www.dropbox.com/s/nqjd66ns7qtt02p/Doc%20-%20Veille%20technologique.pdf'),
(449, 321, 'A1.1.3 Étude des exigences liées à la qualité attendue d\\\'un service', 'https://www.dropbox.com/s/96ufchgl8bausg4/Doc%20-%20Liste%20des%20t%C3%A2ches.pdf'),
(450, 321, 'A1.4.1 Participation à un projet', 'https://www.dropbox.com/sh/jdays6tog7dv4e4/eLmXhWaBi3'),
(451, 321, 'A4.1.1 Rédaction d\\\'une documentation d\\\'utilisation', 'https://www.dropbox.com/s/2zcg7xh2z7mprty/Doc%20-%20R%C3%A9f%C3%A9rencement%20des%20sites%20Accord%20Services.pdf'),
(452, 321, 'A4.2.1 (Documentation charte) Analyse et correction d\\\'un dysfonctionnement, d\\\'un problème de qualité de service ou de sécurité', 'https://www.dropbox.com/s/kp67mtwfabku2ks/Doc%20-%20Chartes%20migr%C3%A9es%20correction.pdf'),
(453, 321, 'A4.2.1 (Résolution chartes) Analyse et correction d\\\'un dysfonctionnement, d\\\'un problème de qualité de service ou de sécurité', 'https://www.dropbox.com/s/gy9uv7dafeii6zw/Doc%20-%20Modifications%20chartes%20KUD.pdf'),
(454, 321, 'A4.2.1 (Jeux d\\\'essai Callback) Analyse et correction d\\\'un dysfonctionnement, d\\\'un problème de qualité de service ou de sécurité', 'https://www.dropbox.com/s/h7vsklug0b36s0r/Doc%20-%20Modifications%20Callback%20et%20jeux%20d%27essai.pdf'),
(464, 363, 'A1.1.1 Analyse du cahier des charges d\\\'un service à produire', 'https://www.dropbox.com/s/drcmiovsj4ryk0x/Doc%20-%20Cahier%20des%20charges.pdf'),
(465, 363, 'A1.1.1 Analyse du cahier des charges d\\\'un service à produire (tâches à réaliser)', 'https://www.dropbox.com/s/i0akjrui9aqt7ve/Doc%20-%20T%C3%A2ches%20%C3%A0%20r%C3%A9aliser.pdf'),
(466, 363, 'A4.1.3 Conception ou adaptation d\\\'une base de données', 'https://www.dropbox.com/sh/xbrvca1ndqxhwu6/ZK5t8dx-dV'),
(467, 363, 'A4.1.9 Rédaction d\\\'une documentation technique', 'https://www.dropbox.com/s/0dzoi098j1627xx/Aper%C3%A7u%20-%20Documentation%20technique.jpg'),
(494, 321, 'A4.2.1 (Corrections Callback) Analyse et correction d\\\'un dysfonctionnement, d\\\'un problème de qualité de service ou de sécurité', 'https://www.dropbox.com/sh/s6ern7e9f67ccg3/WB1CgwrAnL'),
(495, 321, 'A5.2.2 Veille technologique', 'https://www.dropbox.com/s/e611pfdmfq82w0k/Doc%20-%20Veille%20technologique.pdf'),
(565, 176, 'A4.1.3 Conception ou adaptation d\\\'une base de données', 'https://www.dropbox.com/sh/17p75nutvolyw2a/a90_5j1qJG'),
(599, 406, 'A1.1.1 Analyse du cahier des charges d\\\'un service à produire (cahier des charges)', 'https://www.dropbox.com/s/khz48of9c52si56/GSB_Cahier_des_charges.pdf'),
(600, 406, 'A1.1.1 Analyse du cahier des charges d\\\'un service à produire (résumé du cahier des charges)', 'https://www.dropbox.com/s/beonm7k2jgcgnxl/R%C3%A9sum%C3%A9_cahier_des_charges.pdf'),
(601, 406, 'A4.1.3 Conception ou adaptation d\\\'une base de données', 'https://www.dropbox.com/sh/qj7ay9g6xwpu3sw/wlUMIg2UNY'),
(602, 406, 'A4.1.9 Rédaction d\\\'une documentation technique', 'https://www.dropbox.com/s/910dpkoftujovf5/MOREIRA_Documentation_Technique.pdf'),
(603, 406, 'A4.1.10 Rédaction d\\\'une documentation d\\\'utilisation', 'https://www.dropbox.com/s/vzc0x1o0tv8hu4o/MOREIRA_Documentation_Utilisateur.pdf'),
(616, 363, 'A4.1.1 Rédaction d\\\'une documentation d\\\'utilisation', 'https://www.dropbox.com/s/xlmgu42k3ovue53/Doc%20-%20Documentation%20utilisateur.pdf'),
(656, 429, 'Rapport de modifications et description des différentes versions', 'https://lyceeicof-my.sharepoint.com/personal/anthony_delay_icof_fr/_layouts/15/guestaccess.aspx?guestaccesstoken=BWjQnfsZe3zZt%2fUo77X7GJZJMdXpWipft79JMPjHVxI%3d&amp;docid=006dae29b4fc84d018cc4d6e46f853202'),
(660, 442, 'Assistance problème de messagerie', 'https://lyceeicof-my.sharepoint.com/personal/anthony_delay_icof_fr/_layouts/15/guestaccess.aspx?guestaccesstoken=ybkun8bZJ5xIk4TdF%2f8AjqdXO7kxSiAlwNjK7ZbFGgk%3d&amp;docid=003cd590018134dfd86a1adac2378feed'),
(661, 443, 'Etude utilisation d’une solution logicielle et risques', 'https://lyceeicof-my.sharepoint.com/personal/anthony_delay_icof_fr/_layouts/15/guestaccess.aspx?guestaccesstoken=yknU2TwIzNEantx7JNpgSJQrymN%2b7Jp6O8a6kw7xW9s%3d&amp;docid=04139a69054be44a1af3b6b22395e13ab'),
(662, 444, 'Script de message d\\\'accueil aléatoires', 'https://lyceeicof-my.sharepoint.com/personal/anthony_delay_icof_fr/_layouts/15/guestaccess.aspx?guestaccesstoken=4EzYH6C%2bjYWmDY2nP%2bD3anp5UYhpqX46tHUha1cnn9g%3d&amp;docid=0803c99dc903d40558e0ad2368bada63d'),
(664, 446, 'Tutoriel d\\\'utilisation de GanttProject', 'https://lyceeicof-my.sharepoint.com/personal/anthony_delay_icof_fr/_layouts/15/guestaccess.aspx?guestaccesstoken=9XveovHI7bImqQeEACudV8RtSw1ULMouZSw3AaZ3PsE%3d&amp;docid=0ae66974205ba4d50bc38e69b82687d0c'),
(665, 446, 'Veille technologique sur les logiciels de gestion de projets', 'https://lyceeicof-my.sharepoint.com/personal/anthony_delay_icof_fr/_layouts/15/guestaccess.aspx?guestaccesstoken=0xHs8%2bxRXjp413lpyCBbtn5KflfkJUcmsLDNg1fHQhk%3d&amp;docid=05888ff4fac524a9191d2c2835329fd2d'),
(675, 463, 'Fichier de Benchmark', 'https://lyceeicof-my.sharepoint.com/personal/nicolas_diab_icof_fr/_layouts/15/guestaccess.aspx?guestaccesstoken=Yrw6qEfeUevdJmu5qyUe9L1Tb9MU5XVnlbJyyzkxziI%3d&amp;docid=0417115f507c7487cb01d4c1a6fb687ce'),
(677, 480, 'Code source du projet - github', 'https://github.com/NicolasDiab/pimble-site'),
(734, 480, 'Document de présentation du code', 'https://lyceeicof-my.sharepoint.com/personal/nicolas_diab_icof_fr/_layouts/15/guestaccess.aspx?guestaccesstoken=ZTgrqa3MWlMe2N5nff4KfZc7v1K5GbJIhmCYWWI83a0%3d&amp;docid=04950534e4eed40279afd304d13126896'),
(736, 480, 'UML reçu de mon maître de stage', 'https://lyceeicof-my.sharepoint.com/personal/nicolas_diab_icof_fr/_layouts/15/guestaccess.aspx?guestaccesstoken=IBzFKldDa2lRAvhj43cxggAmgW3rN4h794XwZ97dLsQ%3d&amp;docid=0dfccbd2e505244e6bf19f24a288b27c5'),
(812, 543, 'Cahier des charges de l\\\'application (éditeurs)', 'https://lyceeicof-my.sharepoint.com/personal/anthony_delay_icof_fr/_layouts/15/guestaccess.aspx?guestaccesstoken=aozKDxCk4ma82chTObO8Eq7rs0%2buf%2bJoLzSiv9j%2f75E%3d&amp;docid=04a47be30b4e44c3ea3ee8dd24c7c533b'),
(817, 543, 'Veille technologique', 'https://lyceeicof-my.sharepoint.com/personal/anthony_delay_icof_fr/_layouts/15/guestaccess.aspx?guestaccesstoken=XX4suamtG2f2tMM1EkeQjg70nSXVviERBkiF%2bwyhJL8%3d&amp;docid=0a548702336c148dd9156c6106ad34186'),
(818, 543, 'Rapport d\\\'activités', 'https://lyceeicof-my.sharepoint.com/personal/anthony_delay_icof_fr/_layouts/15/guestaccess.aspx?guestaccesstoken=HO%2bpkrjOf0tjLVY2ildwJ9XkR94lOAEQVXBnaq6egm8%3d&amp;docid=09b7eb245e98546878305ab8fcfd023dc'),
(819, 543, 'Code source du connecteur ', 'https://lyceeicof-my.sharepoint.com/personal/anthony_delay_icof_fr/_layouts/15/guestaccess.aspx?guestaccesstoken=97vR3wgbYMJgvbUdf3HSzeaAku%2buNQyDzK88ZG4kesc%3d&amp;docid=0a4dd055839ed48fcaed8f33eac71f864'),
(820, 543, 'Fichier WSDL', 'https://lyceeicof-my.sharepoint.com/personal/anthony_delay_icof_fr/_layouts/15/guestaccess.aspx?guestaccesstoken=Ni%2fqHeDOgbkMQdZgWo4r%2bLOPeStG8auNvLq7MCue3KU%3d&amp;docid=055d0744489c54ac7a442a7be738db936'),
(821, 543, 'Code source classe de test', 'https://lyceeicof-my.sharepoint.com/personal/anthony_delay_icof_fr/_layouts/15/guestaccess.aspx?guestaccesstoken=um1dffQPYojqA7%2bspnlRgwRV8nStu5rydssXwzo8aY8%3d&amp;docid=0e6995bb7898e4f1f857e16f4436e9354'),
(822, 542, 'Présentation de l\\\'entreprise - Ukronium1828', 'https://lyceeicof-my.sharepoint.com/personal/nicolas_diab_icof_fr/_layouts/15/guestaccess.aspx?guestaccesstoken=iWov27wgEKnted2U%2bjk%2f2MBGavixsalfT%2fnXn%2b3ZUhg%3d&amp;docid=014188d0281fc4435a7e3785512b21a05'),
(823, 542, 'Planning', 'https://lyceeicof-my.sharepoint.com/personal/nicolas_diab_icof_fr/_layouts/15/guestaccess.aspx?guestaccesstoken=FlpcU7ZyHEygOm8depmYPW0GPspXsHQ2bGbhir%2b5eWQ%3d&amp;docid=06e95e13ce1884180a3b4a5418ccd1b41'),
(824, 542, 'Aspect de l\\\'ancien site d\\\'Ukronium1828 (dossier .zip)', 'https://lyceeicof-my.sharepoint.com/personal/nicolas_diab_icof_fr/_layouts/15/guestaccess.aspx?guestaccesstoken=LRf08G%2ftvJqiFjh1RzTl3rEVH4uYV7rxMjh6uVIaNPE%3d&amp;docid=0c5eb249b957847c1bcbf54922c004c08'),
(825, 542, 'Nouveau site d\\\'Ukronium1828 que j\\\'ai créé', 'http://www.ukronium1828.fr/'),
(826, 542, 'Cahier des charges rédigé', 'https://lyceeicof-my.sharepoint.com/personal/nicolas_diab_icof_fr/_layouts/15/guestaccess.aspx?guestaccesstoken=0t4f2TWPkhTZFg1M5ywEiOEK09bnyZV7uZIA3hkWhnI%3d&amp;docid=0d9fd95cd72314369b90c49de5afd6826'),
(827, 542, 'Rapport d\\\'activité hebdomadaire', 'https://lyceeicof-my.sharepoint.com/personal/nicolas_diab_icof_fr/_layouts/15/guestaccess.aspx?guestaccesstoken=X8ttVMoOgzdDrakgdzDLiby2s4WmXz7DxXdX16%2flc9E%3d&amp;docid=0899502cdfdb841819dd78a55c7eb400b'),
(828, 542, 'Documentation d\\\'utilisation', 'https://lyceeicof-my.sharepoint.com/personal/nicolas_diab_icof_fr/_layouts/15/guestaccess.aspx?guestaccesstoken=hlp3wQ7Ww9qlS%2bjqDyFxuHfxDFxXm0%2bxuMsY6V4GeQ0%3d&amp;docid=04a47b55bfaa647cfb425ac6dc2a52067'),
(829, 544, 'Présentation du portail applicatif de l\\\'entreprise', 'https://lyceeicof-my.sharepoint.com/personal/anthony_delay_icof_fr/_layouts/15/WopiFrame.aspx?sourcedoc=%7B36B7401D-43B1-46A3-844A-976DF30A88D0%7D&amp;file=vanilla.docx&amp;action=default'),
(830, 544, 'Cahier des charges du designer', 'https://lyceeicof-my.sharepoint.com/personal/anthony_delay_icof_fr/_layouts/15/guestaccess.aspx?guestaccesstoken=bBPKRuNLdAM1NYFv3PBkDT0rO5lPdNibBRAFfxvxIM4%3d&amp;docid=00c9072b2105e4377aaf6c78c658072de'),
(831, 544, 'Captures d\\\'écran de l\\\'interface utilisateur du designer', 'https://lyceeicof-my.sharepoint.com/personal/anthony_delay_icof_fr/_layouts/15/guestaccess.aspx?guestaccesstoken=gfnewBX5FI1Mt6kNqoiymGT846yGXHsWBCNHLr%2bqUYA%3d&amp;docid=0132e9560acda4cb481d4b1a510c4e19d'),
(832, 544, 'Fichiers de configs de la plateforme', 'https://lyceeicof-my.sharepoint.com/personal/anthony_delay_icof_fr/_layouts/15/guestaccess.aspx?guestaccesstoken=%2b%2bepg8BbyxcRnXZeyuD4YKb%2fF4eTDtPFYtfDST95P60%3d&amp;docid=0dffe42b9a4bf48e780f0c1d9f20f5301'),
(833, 544, 'Codes sources du wizard du designer de carte et de l\\\'interface graphique', 'https://lyceeicof-my.sharepoint.com/personal/anthony_delay_icof_fr/_layouts/15/guestaccess.aspx?guestaccesstoken=IGRqSwYRls9NlO0%2ba2yTYVFiUum6whszoBO0sBO9Wjk%3d&amp;docid=0f9bcf3c1085a4a60a0ce21558af49fe7'),
(834, 544, 'Script javascript de la prévisualisation de carte', 'https://lyceeicof-my.sharepoint.com/personal/anthony_delay_icof_fr/_layouts/15/guestaccess.aspx?guestaccesstoken=KcOOul0Y1sU0IJWDFMOeiGao1SsQWXPskuOmQufusjY%3d&amp;docid=01de8b7933c25425aa83213c4009307b9'),
(835, 544, 'Codes sources (fichiers de classe) des relations avec les bases de données', 'https://lyceeicof-my.sharepoint.com/personal/anthony_delay_icof_fr/_layouts/15/guestaccess.aspx?guestaccesstoken=CBbgtiIaRJ1UvgRz6NLaldrhlOgKOxwLiG3VD7e6vZg%3d&amp;docid=04329477bccf64b9a986ff4995791087e'),
(836, 544, 'Rapport d\\\'activités', 'https://lyceeicof-my.sharepoint.com/personal/anthony_delay_icof_fr/_layouts/15/guestaccess.aspx?guestaccesstoken=HO%2bpkrjOf0tjLVY2ildwJ9XkR94lOAEQVXBnaq6egm8%3d&amp;docid=09b7eb245e98546878305ab8fcfd023dc'),
(837, 544, 'Veille technologique', 'https://lyceeicof-my.sharepoint.com/personal/anthony_delay_icof_fr/_layouts/15/guestaccess.aspx?guestaccesstoken=XX4suamtG2f2tMM1EkeQjg70nSXVviERBkiF%2bwyhJL8%3d&amp;docid=0a548702336c148dd9156c6106ad34186'),
(847, 542, 'Documentation technique', 'https://lyceeicof-my.sharepoint.com/personal/nicolas_diab_icof_fr/_layouts/15/guestaccess.aspx?guestaccesstoken=vKLT7gyejKwUVwt2oHj4pyvqNX76ocIwCgP69DP27Rg%3d&amp;docid=0a1d544907ce1493ea85eaeff03339bc5'),
(848, 542, 'Aide à la reprise du forum pour un employé Ukronium', 'https://lyceeicof-my.sharepoint.com/personal/nicolas_diab_icof_fr/_layouts/15/guestaccess.aspx?guestaccesstoken=KUi3pa5CcGi%2fahOEkLhTTYml6tsTHltpATqzGD1QE64%3d&amp;docid=071934e258f1549949130aadc07897039'),
(949, 429, 'Annuaire version de base (1.0) - code', 'https://lyceeicof-my.sharepoint.com/personal/anthony_delay_icof_fr/_layouts/15/guestaccess.aspx?guestaccesstoken=UWeQtKys1i9IClUi9H5E4W2T3Wu%2bGIoTC5lnU3YSsS8%3d&amp;docid=09ff5f5d641704d3c86ef6d722c362ce2'),
(950, 429, 'Annuaire version de base (2.0) - code', 'https://lyceeicof-my.sharepoint.com/personal/anthony_delay_icof_fr/_layouts/15/guestaccess.aspx?guestaccesstoken=lH7LsqZKXm%2bBhTjVyOYiflMMRQMUAPR4et84YZcfG1c%3d&amp;docid=0b9afe31e521b4e10867315dda989a558'),
(951, 429, 'Annuaire version de base (3.0) - code', 'https://lyceeicof-my.sharepoint.com/personal/anthony_delay_icof_fr/_layouts/15/guestaccess.aspx?guestaccesstoken=DHXpeUrqNmsG94TzeFL2luy9jhDw5Fy3QBw2J5WsvJM%3d&amp;docid=075a9f2f86c384825915019329f02a308'),
(957, 589, 'Résumé veille technologique', 'https://lyceeicof-my.sharepoint.com/personal/anthony_delay_icof_fr/_layouts/15/guestaccess.aspx?guestaccesstoken=QneG2QPOaP1s0i0tGXSXlW8%2bRiq0hI1WWUNN%2fUTE4Ps%3d&amp;docid=01a5c2c9758974a1aac782fcb5221264a'),
(1063, 543, 'Fichier XSD', 'https://lyceeicof-my.sharepoint.com/personal/anthony_delay_icof_fr/_layouts/15/guestaccess.aspx?guestaccesstoken=rwCGCgV1hTk3QmHErL%2bOa3k85O4Hkb9SqIU0bOaIa3c%3d&amp;docid=0f76d12da10ad46aa8ef9a633bde25415'),
(1065, 605, 'Documentation technique BDD', 'https://lyceeicof-my.sharepoint.com/personal/nicolas_diab_icof_fr/_layouts/15/guestaccess.aspx?guestaccesstoken=4linomvT9c2NEoXS0KtC1ZjjGq4f%2b5cZP7mJ3zB6qwk%3d&amp;docid=053ea481e97fd4e338182e4c67bf739ae'),
(1066, 605, 'Documentation technique gestion commandes', 'https://lyceeicof-my.sharepoint.com/personal/nicolas_diab_icof_fr/_layouts/15/guestaccess.aspx?guestaccesstoken=SYOgQwoYKM47L7Y5pFlGSFFquIbS%2f9MEz4nnD8zcPtA%3d&amp;docid=02fed8730eb2e4523bf3e224c16ebc99d'),
(1067, 605, 'Documentation d\\\'utilisation', 'https://lyceeicof-my.sharepoint.com/personal/nicolas_diab_icof_fr/_layouts/15/guestaccess.aspx?guestaccesstoken=jAgaq44s3SnQDKQObD5LUT0oFLOMGFsR3bbgvZPyWbw%3d&amp;docid=019a2d40d7f994e70a6fea81650edcd44'),
(1071, 607, 'Gantt', 'https://lyceeicof-my.sharepoint.com/personal/anthony_delay_icof_fr/_layouts/15/guestaccess.aspx?guestaccesstoken=SZVUlzpaJnaVQGKlIlSDr8E8HZ2dIi4K4RCzrQzAA40%3d&amp;docid=05ed722b7e6fc44ff895cd41d4b941610'),
(1072, 607, 'Doc technique BDD', 'https://lyceeicof-my.sharepoint.com/personal/anthony_delay_icof_fr/_layouts/15/guestaccess.aspx?guestaccesstoken=tMFwlZrGmkid8R3mSxX%2fdEyqzio9b7Hoy4NOO%2bJzTIU%3d&amp;docid=0b5deee6bf84e4ef4b7365b6b62a195db'),
(1073, 607, 'Doc technique', 'https://lyceeicof-my.sharepoint.com/personal/anthony_delay_icof_fr/_layouts/15/guestaccess.aspx?guestaccesstoken=7vyriispVcbYeJrw9RcCJkPoLmpWGpGkbEHtM%2buJ6j4%3d&amp;docid=0817b3c40a1a540d08f2f072f3c3b6696'),
(1074, 607, 'Doc d\\\'utilisation', 'https://lyceeicof-my.sharepoint.com/personal/anthony_delay_icof_fr/_layouts/15/guestaccess.aspx?guestaccesstoken=0lBO%2biAWP2h3r24X7tCzRbR8P9LDzEAiWSCQ45kprWY%3d&amp;docid=0cb842f7703a345fda83433969a4b0178'),
(1075, 608, 'Doc technique BDD', 'https://lyceeicof-my.sharepoint.com/personal/anthony_delay_icof_fr/_layouts/15/guestaccess.aspx?guestaccesstoken=2U03YTr8VCpu2jAOz%2baQk7pHa36IPnZ%2fbOi3w5NfOHI%3d&amp;docid=03b4f21d7e411457999212f7594c3c3f9'),
(1076, 608, 'Doc technique générale', 'https://lyceeicof-my.sharepoint.com/personal/anthony_delay_icof_fr/_layouts/15/guestaccess.aspx?guestaccesstoken=9FN74WY9WNBK%2ftGhi4j3%2bl787bhcxKl9GqUGjkNK%2b8s%3d&amp;docid=057b736e70da04d58854476d21a90d420'),
(1077, 608, 'Doc d\\\'utilisation', 'https://lyceeicof-my.sharepoint.com/personal/anthony_delay_icof_fr/_layouts/15/guestaccess.aspx?guestaccesstoken=oQnzWA%2fvjgWJvpy9t%2ffjhgMryDn5tmcOc4ImYIiKwG4%3d&amp;docid=0be59565c6c0c4b22be41af55e3274e65'),
(1078, 608, 'Gantt', 'https://lyceeicof-my.sharepoint.com/personal/anthony_delay_icof_fr/_layouts/15/guestaccess.aspx?guestaccesstoken=F69jW4udazjMbPPPieyiAfi3sMz9IHmRxZtuzP2gi7A%3d&amp;docid=0d7d4b1fd37de40f49cbc24909fb55864'),
(1079, 609, 'Cahier des charges reçu (.pdf à télécharger)', 'https://lyceeicof-my.sharepoint.com/personal/nicolas_diab_icof_fr/_layouts/15/guestaccess.aspx?guestaccesstoken=6so3kBzSVKOlx5ExSiggmIBEXukAqvtje10ZiRWnLIo%3d&amp;docid=02b2ba86fdbbe4dfd8180de3ec82d06c2'),
(1080, 609, 'Accès au site web développé (se connecter avec dandre / oppg5)', 'http://172.17.21.13/cAccueil.php'),
(1081, 609, 'Documentation d\\\'utilisation', 'https://lyceeicof-my.sharepoint.com/personal/nicolas_diab_icof_fr/_layouts/15/guestaccess.aspx?guestaccesstoken=FqGIg%2bwI%2bxwpDKn9iQLXZjdG4q1if8cmxWujwa50mWs%3d&amp;docid=0cc011aa9e972492390a11093bfd06f20'),
(1082, 609, 'Documentation technique générale', 'https://lyceeicof-my.sharepoint.com/personal/nicolas_diab_icof_fr/_layouts/15/guestaccess.aspx?guestaccesstoken=g3SnVwDsWaEgsMVL4e5lKYuXLkhfrB2RK%2be%2fRIjDB90%3d&amp;docid=0c53b585c3ce04e4484d26351d47c75ab'),
(1083, 609, 'Documentation technique BDD', 'https://lyceeicof-my.sharepoint.com/personal/nicolas_diab_icof_fr/_layouts/15/guestaccess.aspx?guestaccesstoken=f0ZEXyvR%2fC50YZDBE4E5MpqxkppG%2falKLWyMfb9xxqs%3d&amp;docid=05d188cb9439b44d3806768620cc8d59c'),
(1084, 605, 'Cahier des charges reçu (.pdf à télécharger)', 'https://lyceeicof-my.sharepoint.com/personal/nicolas_diab_icof_fr/_layouts/15/guestaccess.aspx?guestaccesstoken=Kn5I28AGPAIQrRzJWonU%2fPUxgGh9cEAx2aA%2bwiSemyE%3d&amp;docid=0a01971b76480414699e7ece384a69a25'),
(1085, 609, 'Contexte GSB', 'https://lyceeicof-my.sharepoint.com/personal/nicolas_diab_icof_fr/_layouts/15/guestaccess.aspx?guestaccesstoken=8zSySRQCEAvK8cXEBgyO%2bHf5H7iQAZU8hp%2b2Spl1yEY%3d&amp;docid=094e0e676e7e840f29061c18b093840e3'),
(1086, 609, 'Fichier des normes', 'https://lyceeicof-my.sharepoint.com/personal/nicolas_diab_icof_fr/_layouts/15/guestaccess.aspx?guestaccesstoken=7bGJpPnnfbN4MLW9hzA9B6s0roPfEyRaDJ4RrVvLJ6s%3d&amp;docid=014feaba41e9d4375ab707837d454ed6a'),
(1089, 608, 'Cahier des charges', 'https://lyceeicof-my.sharepoint.com/personal/anthony_delay_icof_fr/_layouts/15/guestaccess.aspx?guestaccesstoken=93AgZbU0u3QgBHxnB6YVyCVzzQEjOjcnQ4afb2GfynM%3d&amp;docid=0c6576e617be34a1d9fc2d05054fe9039'),
(1090, 608, 'Normes de développement', 'https://lyceeicof-my.sharepoint.com/personal/anthony_delay_icof_fr/_layouts/15/guestaccess.aspx?guestaccesstoken=Bf9f8uPQr28l2nkULI8VFc5G5s%2fMl56J%2bnexTbDcWRM%3d&amp;docid=01c6940d0ceb942bd86d5623d84b4c12a'),
(1091, 608, 'Contexte', 'https://lyceeicof-my.sharepoint.com/personal/anthony_delay_icof_fr/_layouts/15/guestaccess.aspx?guestaccesstoken=IDp%2b4uA7r1wzDq%2fA%2bsC3d5Ajghi5T8Yt4if6AZieG64%3d&amp;docid=088876453c65b4e7d8bd581b244bb1370'),
(1092, 608, 'Accès à l\\\'application', 'http://172.17.21.13/cSeConnecter.php'),
(1099, 607, 'Cahier des charges ', 'https://lyceeicof-my.sharepoint.com/personal/anthony_delay_icof_fr/_layouts/15/guestaccess.aspx?guestaccesstoken=xWtMIAkKsnnvJ%2bQoIHZZLL2BuTddw1Gy%2b2VBPu5ntuo%3d&amp;docid=062d7539e2e1846ffb507381b0dd6179c'),
(1845, 1075, 'recherche et analyse des différents CRM ', 'https://lyceeicof-my.sharepoint.com/personal/nicolas_gandy_icof_fr/_layouts/15/WopiFrame.aspx?sourcedoc=%7BD8D85DFB-C7C0-427F-A62E-FB48E9B47EFD%7D&file=1er%20semaine.docx&action=default&IsList=1&ListId=%7B03E88521-F22C-4455-8B39-8658BDA9C9'),
(1851, 1118, 'Mise en place d\\\'un onglet et d\\\'une partie \\&quot;Projet HSE\\&quot;', 'https://lyceeicof-my.sharepoint.com/personal/nicolas_gandy_icof_fr/_layouts/15/WopiFrame.aspx?sourcedoc=%7BB32A3119-3566-45AB-A6C3-BED2E763CA7B%7D&amp;file=Onglet%20HSE.docx&amp;action=default'),
(1852, 1118, 'Intégration d\\\'une mini map de localisation ', 'https://lyceeicof-my.sharepoint.com/personal/nicolas_gandy_icof_fr/_layouts/15/WopiFrame.aspx?sourcedoc=%7B13C35300-0E34-4B7F-8860-0357E4A0468E%7D&amp;file=miniMap.docx&amp;action=default'),
(1853, 1118, 'Intégration d\\\'un menu fixe qui améliore la navigation ', 'https://lyceeicof-my.sharepoint.com/personal/nicolas_gandy_icof_fr/_layouts/15/WopiFrame.aspx?sourcedoc=%7B0BB7A7CA-9B59-4C0A-904C-D9063B6FDC92%7D&amp;file=MenuFixe.docx&amp;action=default'),
(1856, 1105, 'Rapport de l\\\'audit', 'https://lyceeicof-my.sharepoint.com/personal/cathy_blum_icof_fr/_layouts/15/WopiFrame.aspx?sourcedoc=%7B54AFA16B-528E-4731-8902-56BA2F2E0711%7D&amp;file=Rapport%20Audit%20baies%20de%20brassage.docx&amp;action=default'),
(1857, 1118, 'Intégration d\\\'un fond vidéo/ photo', 'Montrer directement le site'),
(1858, 1118, '', ''),
(1868, 1125, 'Formation Unreal Engine 4 ', 'https://lyceeicof-my.sharepoint.com/personal/nicolas_gandy_icof_fr/_layouts/15/WopiFrame.aspx?sourcedoc=%7B89545B97-97DF-4DCC-856C-43ECF1B06C76%7D&amp;file=Formation%20Unreal%20Engine%204.docx&amp;action=default'),
(1869, 1125, 'Développement SON ', 'https://lyceeicof-my.sharepoint.com/personal/nicolas_gandy_icof_fr/_layouts/15/WopiFrame.aspx?sourcedoc=%7B097E23FD-EA14-425B-B65D-4607C45B77FC%7D&amp;file=DevSon.docx&amp;action=default'),
(1871, 1076, 'A1.1.1 Analyse du cahier des charges d\'un service à produire', 'https://lyceeicof-my.sharepoint.com/:w:/r/personal/thomas_miglianico_icof_fr/_layouts/15/WopiFrame.aspx?sourcedoc=%7B4BB7F6A5-4B41-456C-A036-23C863A263D2%7D&file=Neyret%20Adam%20Architecte.docx&action=default&IsList=1&ListId=%7B03E88521-F22C-4455-8B39-865'),
(1872, 1076, 'A1.1.3 Étude des exigences liées à la qualité attendue d\'un service', 'https://lyceeicof-my.sharepoint.com/:w:/r/personal/thomas_miglianico_icof_fr/_layouts/15/WopiFrame.aspx?sourcedoc=%7B4BB7F6A5-4B41-456C-A036-23C863A263D2%7D&file=Neyret%20Adam%20Architecte.docx&action=default&IsList=1&ListId=%7B03E88521-F22C-4455-8B39-865'),
(1873, 1076, 'A1.2.1 Élaboration et présentation d\'un dossier de choix de solution technique', 'https://lyceeicof-my.sharepoint.com/personal/thomas_miglianico_icof_fr/_layouts/15/onedrive.aspx?id=%2Fpersonal%2Fthomas_miglianico_icof_fr%2FDocuments%2FE6%20-%202018%2FS1%20-%20M1%20-%20Renforcement%20site%20web%20-%20Galerie%20photo%2FSolutions%20propo'),
(1874, 1076, 'A1.2.2 Rédaction des spécifications techniques de la solution retenue (adaptation d\'une solution existante ou réalisation d\'une nouvelle solution)', 'https://lyceeicof-my.sharepoint.com/:w:/r/personal/thomas_miglianico_icof_fr/_layouts/15/WopiFrame.aspx?sourcedoc=%7B4BB7F6A5-4B41-456C-A036-23C863A263D2%7D&file=Neyret%20Adam%20Architecte.docx&action=default&IsList=1&ListId=%7B03E88521-F22C-4455-8B39-865'),
(1875, 1076, 'A1.3.1 Test d\'intégration et d\'acceptation d\'un service', 'https://lyceeicof-my.sharepoint.com/personal/thomas_miglianico_icof_fr/_layouts/15/onedrive.aspx?id=%2Fpersonal%2Fthomas_miglianico_icof_fr%2FDocuments%2FE6%20-%202018%2FS1%20-%20M1%20-%20Renforcement%20site%20web%20-%20Galerie%20photo%2FSolutions%20propo'),
(1876, 1076, 'A1.3.3 Accompagnement de la mise en place d\'un nouveau service', 'https://lyceeicof-my.sharepoint.com/:w:/r/personal/thomas_miglianico_icof_fr/_layouts/15/WopiFrame.aspx?sourcedoc=%7B09DAE742-377E-40F4-BA41-478BF37B8CFD%7D&file=Informations%20utilisateurs.docx&action=default&IsList=1&ListId=%7B03E88521-F22C-4455-8B39-86'),
(1877, 1076, 'A1.3.4 Déploiement d\'un service', 'Sprint fixé chaque semaine, rendre-compte à l\'oral du projet et montrer l\'avancement du projet à mon maître de stage.'),
(1878, 1076, 'A2.1.1 Accompagnement des utilisateurs dans la prise en main d\'un service', 'https://lyceeicof-my.sharepoint.com/:w:/r/personal/thomas_miglianico_icof_fr/_layouts/15/WopiFrame.aspx?sourcedoc=%7B09DAE742-377E-40F4-BA41-478BF37B8CFD%7D&file=Informations%20utilisateurs.docx&action=default&IsList=1&ListId=%7B03E88521-F22C-4455-8B39-86'),
(1879, 1076, 'A2.2.2 Suivi et réponse à des demandes d\'assistance', 'TeamViewer, faire la manipulation devant elle en projetant son propre écran afin que la cliente puisse comprendre les manipulations. (Environnement familier)'),
(1880, 1076, 'A2.3.2 Proposition d\'amélioration d\'un service', 'Propositions d\'une nouvelle couleur de background, plus de design.'),
(1881, 1076, 'A4.1.1 Proposition d\'une solution applicative', 'https://lyceeicof-my.sharepoint.com/personal/thomas_miglianico_icof_fr/_layouts/15/WopiFrame.aspx?sourcedoc=%7B14D66A83-ECF4-4BC4-BCA2-9A000D1C0766%7D&file=Neyret%20Adam%20Architecte.docx&action=default'),
(1884, 1076, 'A4.1.6 Gestion d\'environnements de développement et de test', 'uWamp'),
(1885, 1076, 'A4.1.7 Développement, utilisation ou adaptation de composants logiciels (UTILISATION BOOTSTRAP)', 'https://lyceeicof-my.sharepoint.com/personal/thomas_miglianico_icof_fr/_layouts/15/onedrive.aspx?id=%2Fpersonal%2Fthomas_miglianico_icof_fr%2FDocuments%2FE6%20-%202018%2FS1%20-%20M1%20-%20Renforcement%20site%20web%20-%20Galerie%20photo'),
(1886, 1076, 'A4.1.8 Réalisation des tests nécessaires à la validation d\'éléments adaptés ou développés (TEST INTEGRATION)', 'https://lyceeicof-my.sharepoint.com/personal/thomas_miglianico_icof_fr/_layouts/15/onedrive.aspx?id=%2Fpersonal%2Fthomas_miglianico_icof_fr%2FDocuments%2FE6%20-%202018%2FS1%20-%20M1%20-%20Renforcement%20site%20web%20-%20Galerie%20photo%2FTest%20d%27int%C3'),
(1888, 1076, 'A5.2.3 Repérage des compléments de formation ou d\'auto-formation utiles à l\'acquisition de nouvelles compétences', 'https://www.codecademy.com/'),
(1889, 1076, 'A5.2.4 Étude d‘une technologie, d\'un composant, d\'un outil ou d\'une méthode', 'https://www.xpx-technologies.net/'),
(1890, 1093, 'A1.1.1 Analyse du cahier des charges d\'un service à produire', 'https://lyceeicof-my.sharepoint.com/:w:/r/personal/thomas_miglianico_icof_fr/_layouts/15/WopiFrame.aspx?sourcedoc=%7B3378AE9F-8427-46EB-9297-A30A0833CAC5%7D&file=Copropri%C3%A9t%C3%A9.docx&action=default&IsList=1&ListId=%7B03E88521-F22C-4455-8B39-8658BDA9'),
(1891, 1093, 'A1.2.1 Élaboration et présentation d\'un dossier de choix de solution technique', 'https://lyceeicof-my.sharepoint.com/:w:/r/personal/thomas_miglianico_icof_fr/_layouts/15/WopiFrame.aspx?sourcedoc=%7B3378AE9F-8427-46EB-9297-A30A0833CAC5%7D&file=Copropri%C3%A9t%C3%A9.docx&action=default&IsList=1&ListId=%7B03E88521-F22C-4455-8B39-8658BDA9'),
(1892, 1093, 'A1.2.2 Rédaction des spécifications techniques de la solution retenue (adaptation d\'une solution existante ou réalisation d\'une nouvelle solution)', 'https://lyceeicof-my.sharepoint.com/:w:/r/personal/thomas_miglianico_icof_fr/_layouts/15/WopiFrame.aspx?sourcedoc=%7B3378AE9F-8427-46EB-9297-A30A0833CAC5%7D&file=Copropri%C3%A9t%C3%A9.docx&action=default&IsList=1&ListId=%7B03E88521-F22C-4455-8B39-8658BDA9'),
(1893, 1093, 'A4.1.1 Proposition d\'une solution applicative', 'https://lyceeicof-my.sharepoint.com/personal/thomas_miglianico_icof_fr/_layouts/15/onedrive.aspx?id=%2Fpersonal%2Fthomas_miglianico_icof_fr%2FDocuments%2FE6%20-%202018%2FS1%20-%20M2%20-%20D%C3%A9finir%20la%20charte%20graphique%20d%27un%20nouveau%20site%20'),
(1894, 1093, 'A4.1.5 Prototypage de composants logiciels', 'https://lyceeicof-my.sharepoint.com/personal/thomas_miglianico_icof_fr/_layouts/15/onedrive.aspx?id=%2Fpersonal%2Fthomas_miglianico_icof_fr%2FDocuments%2FE6%20-%202018%2FS1%20-%20M2%20-%20D%C3%A9finir%20la%20charte%20graphique%20d%27un%20nouveau%20site%20'),
(1895, 1093, 'A4.1.6 Gestion d\'environnements de développement et de test', 'https://lyceeicof-my.sharepoint.com/personal/thomas_miglianico_icof_fr/_layouts/15/onedrive.aspx?id=%2Fpersonal%2Fthomas_miglianico_icof_fr%2FDocuments%2FE6%20-%202018%2FS1%20-%20M2%20-%20D%C3%A9finir%20la%20charte%20graphique%20d%27un%20nouveau%20site%20'),
(1896, 1076, 'A1.4.1 Participation à un projet', 'Rendre compte oral '),
(1897, 1103, 'Détails du temps de travail', 'https://lyceeicof-my.sharepoint.com/personal/louis_vallas_icof_fr/_layouts/15/guestaccess.aspx?docid=1deea7056f0ba4d3f975b25d36bed943f&authkey=Ac4DgVB4syETdIuTxQ9PBYA'),
(1898, 1103, 'A1.4.1 Trello du projet', 'https://lyceeicof-my.sharepoint.com/personal/louis_vallas_icof_fr/_layouts/15/guestaccess.aspx?docid=16fe13663edc64cbf8e1e316754386002&authkey=AY46-yjbXV6264pSCUF39UE'),
(1899, 1103, 'Tableau sans design', 'https://lyceeicof-my.sharepoint.com/personal/louis_vallas_icof_fr/_layouts/15/guestaccess.aspx?docid=14a099836a314451196e041043963de4d&authkey=AdngQwz4K4VPY6h_fhdnmPw'),
(1900, 1103, 'Fonction pour grouper par une certaine période', 'https://lyceeicof-my.sharepoint.com/personal/louis_vallas_icof_fr/_layouts/15/guestaccess.aspx?docid=1672593ece2824ddf821c2468bf2904b8&authkey=Ack_TUuYOz8Nn8-Pnd2uai8'),
(1901, 1103, 'Code JavaScript', 'https://lyceeicof-my.sharepoint.com/personal/louis_vallas_icof_fr/_layouts/15/guestaccess.aspx?docid=13072a38e3c22452684ff85b5b8c8641f&authkey=ATLtIEyldEgl_Ge_hRWvPKc'),
(1902, 1103, 'Formulaire d\'ajout de temps', 'https://lyceeicof-my.sharepoint.com/personal/louis_vallas_icof_fr/_layouts/15/guestaccess.aspx?docid=1a4f4684103c04f019f4a38f7a4c0d06c&authkey=AXdpm5SMXpbtNvRhmXd1eFg'),
(1903, 1103, 'Application finale', 'https://lyceeicof-my.sharepoint.com/personal/louis_vallas_icof_fr/_layouts/15/guestaccess.aspx?docid=1b0fa840694f94886a90280e4a9f6835e&authkey=Aa0cMl02B0AIUOJ_eO8ACQ8'),
(1904, 1098, 'A1.1.1 Analyse du cahier des charges d\\\'un service à produire', 'https://lyceeicof-my.sharepoint.com/personal/hoang-duy_le_icof_fr/_layouts/15/WopiFrame.aspx?sourcedoc=%7B55B7A6FC-51F0-4BF0-9770-8ABA8E0F3A5D%7D&amp;file=Cahier%20des%20charges.docx&amp;action=default'),
(1905, 1098, 'A1.1.3 Étude des exigences liées à la qualité attendue d\\\'un service', 'https://lyceeicof-my.sharepoint.com/personal/hoang-duy_le_icof_fr/_layouts/15/WopiFrame.aspx?sourcedoc=%7BEAAD1D0B-B3C2-4F28-BB06-CC88D11714D9%7D&amp;file=R%C3%A8gle%20base%20de%20donn%C3%A9es.docx&amp;action=default'),
(1906, 1098, 'A1.4.1 Participation à un projet', 'https://trello.com/b/OIQtdW50/stage-sio1-2017-le'),
(1907, 1098, 'A2.3.2 Proposition d\\\'amélioration d\\\'un service', 'https://lyceeicof-my.sharepoint.com/personal/hoang-duy_le_icof_fr/_layouts/15/WopiFrame.aspx?sourcedoc=%7BE8475ADD-D68A-4BF2-BB68-ADA402B24B32%7D&amp;file=R%C3%A9sum%C3%A9%20Excel.docx&amp;action=default'),
(1909, 1098, 'A4.1.1 Proposition d\\\'une solution applicative', 'https://lyceeicof-my.sharepoint.com/personal/hoang-duy_le_icof_fr/_layouts/15/WopiFrame.aspx?sourcedoc=%7BD691EB50-D7D9-4F2B-A5FB-AE0917E84BB6%7D&amp;file=Sch%C3%A9maBDD.docx&amp;action=default'),
(1910, 1098, 'A4.1.2 Conception ou adaptation de l\\\'interface utilisateur d\\\'une solution applicative', 'https://lyceeicof-my.sharepoint.com/personal/hoang-duy_le_icof_fr/_layouts/15/onedrive.aspx?id=%2Fpersonal%2Fhoang%2Dduy%5Fle%5Ficof%5Ffr%2FDocuments%2FSTAGE%2FOrten'),
(1911, 1098, 'A4.1.3 Conception ou adaptation d\\\'une base de données', 'https://lyceeicof-my.sharepoint.com/personal/hoang-duy_le_icof_fr/_layouts/15/WopiFrame.aspx?sourcedoc=%7B1388F16E-1BC8-4915-A4CF-68DD9474F74A%7D&amp;file=Script%20cr%C3%A9ation%20de%20la%20base%20de%20donn%C3%A9es.docx&amp;action=default'),
(1912, 1098, 'A4.1.10 Rédaction d\\\'une documentation d\\\'utilisation', 'https://lyceeicof-my.sharepoint.com/personal/hoang-duy_le_icof_fr/_layouts/15/WopiFrame.aspx?sourcedoc=%7BA7DF32F5-EA94-49BA-BC93-AFB39EE54044%7D&amp;file=fiche%20d%27utilisation.docx&amp;action=default'),
(1915, 1098, 'A1.2.4 Détermination des tests nécessaires à la validation d\\\'un service', 'https://lyceeicof-my.sharepoint.com/personal/hoang-duy_le_icof_fr/_layouts/15/WopiFrame.aspx?sourcedoc=%7BD036BC17-D9CA-4599-AAE6-460B31233566%7D&amp;file=Trouver%20les%20catalogues%20achet%C3%A9s%20par%20tel%20client.docx&amp;action=default'),
(1916, 1152, 'lien vers document word : suivi de stage', 'https://lyceeicof-my.sharepoint.com/:w:/r/personal/charles_emieux_icof_fr/_layouts/15/WopiFrame.aspx?sourcedoc=%7B04734F14-C7D4-4C09-8160-80CA14DFC66E%7D&file=Suivi_stage_Ann%C3%A9e1_2.docx&action=default&IsList=1&ListId=%7B40D1929E-EB72-4621-805C-677D0CF'),
(1918, 921, 'Site stage de premiere année (missions)', 'http://stage-bts-sio-ce.e-monsite.com'),
(1920, 1153, 'Cahier des charges APIC', 'https://lyceeicof-my.sharepoint.com/personal/arthur_girard_icof_fr/_layouts/15/onedrive.aspx?id=%2Fpersonal%2Farthur_girard_icof_fr%2FDocuments%2FStage%20Ressourcial%202017%2FCahier%20des%20charges'),
(1921, 1153, 'Code APIC', 'https://lyceeicof-my.sharepoint.com/personal/arthur_girard_icof_fr/_layouts/15/onedrive.aspx?id=%2Fpersonal%2Farthur_girard_icof_fr%2FDocuments%2FStage%20Ressourcial%202017%2FApplication%20APIC'),
(1922, 1153, 'Image application APIC', 'https://lyceeicof-my.sharepoint.com/personal/arthur_girard_icof_fr/_layouts/15/onedrive.aspx?id=%2Fpersonal%2Farthur_girard_icof_fr%2FDocuments%2FStage%20Ressourcial%202017%2FAPIC'),
(1923, 1098, 'A1.2.1 Élaboration et présentation d\\\'un dossier de choix de solution technique', 'https://lyceeicof-my.sharepoint.com/personal/hoang-duy_le_icof_fr/_layouts/15/WopiFrame.aspx?sourcedoc=%7BCA901800-25B8-4C6D-B7E9-0F86FE580CE5%7D&amp;file=Base%20de%20donn%C3%A9es%20ORTEN.pptx&amp;action=default'),
(1924, 1098, 'A1.3.3 Accompagnement de la mise en place d\\\'un nouveau service', 'https://lyceeicof-my.sharepoint.com/personal/hoang-duy_le_icof_fr/_layouts/15/WopiFrame.aspx?sourcedoc=%7B43E0DC94-9150-4FC4-9B64-4302C2A0DDEB%7D&amp;file=Pr%C3%A9sentation%20de%20la%20base%20de%20donn%C3%A9es.pptx&amp;action=default'),
(1925, 1088, 'Ensemble Projet', 'Compte rendu Stage -&gt; One drive'),
(1926, 1169, 'Ensemble Projet', 'Compte rendu Stage -&gt; One drive'),
(1927, 1174, 'Ensemble Projet', 'Compte rendu Stage -&gt; One drive'),
(1928, 1178, 'Ensemble Projet', 'Compte rendu Stage -> One drive'),
(1929, 1172, 'PowerShell aide, commande, commande de base', 'https://lyceeicof-my.sharepoint.com/personal/julien_piot_icof_fr/_layouts/15/guestaccess.aspx?docid=0a4d295c6d6e9481497d559d826096fd8&amp;authkey=Ab7qlAvZAl5M5fO6Wb-xFvE'),
(1931, 1172, 'Aide RDM', 'https://help.remotedesktopmanager.com/index.html?importcsv_strategies.htm'),
(1932, 1172, 'Aide PowerShell', 'https://lyceeicof-my.sharepoint.com/personal/julien_piot_icof_fr/_layouts/15/guestaccess.aspx?docid=0a4d295c6d6e9481497d559d826096fd8&amp;authkey=Ab7qlAvZAl5M5fO6Wb-xFvE'),
(1933, 1172, 'Premier script', 'https://lyceeicof-my.sharepoint.com/personal/julien_piot_icof_fr/_layouts/15/guestaccess.aspx?docid=04acbf2d8e67f4b36ad0bea00a519bb27&amp;authkey=AVonUTssSu0ajX3RB-YFoqg'),
(1934, 1172, 'Script PowerShell avec csv', 'https://lyceeicof-my.sharepoint.com/personal/julien_piot_icof_fr/_layouts/15/guestaccess.aspx?docid=0911b36e42bd041f983b0984f9ea1b41e&amp;authkey=ASNz0sCbBTJBNhNgd1YFk4c'),
(1935, 1172, 'Script + Json', 'https://lyceeicof-my.sharepoint.com/personal/julien_piot_icof_fr/_layouts/15/guestaccess.aspx?docid=099452add3cf84b7592908c4a2b01e1c1&amp;authkey=ARYXFaVCyWVPQHwWofLl9J0'),
(1936, 1172, 'Script avec fonction callJson', 'https://lyceeicof-my.sharepoint.com/personal/julien_piot_icof_fr/_layouts/15/guestaccess.aspx?docid=077e58b2bfc434f48a55e40b5fc802c5a&amp;authkey=ATmy-oaOeVKLKGb3czJO7CU'),
(1939, 1091, 'Activité 2 du rapport de stage', 'https://lyceeicof-my.sharepoint.com/personal/antoine_vidal_icof_fr/_layouts/15/guestaccess.aspx?docid=1b4ad84221519486999b41b743a69eb31&amp;authkey=AXIHE-OB-XiWpEcjyaV_Wp4'),
(1940, 1092, 'Activité 1 du rapport de stage', 'https://lyceeicof-my.sharepoint.com/personal/antoine_vidal_icof_fr/_layouts/15/guestaccess.aspx?docid=1b4ad84221519486999b41b743a69eb31&amp;authkey=AXIHE-OB-XiWpEcjyaV_Wp4'),
(1941, 1173, 'Activité 3 du rapport de stage', 'https://lyceeicof-my.sharepoint.com/personal/antoine_vidal_icof_fr/_layouts/15/guestaccess.aspx?docid=1b4ad84221519486999b41b743a69eb31&amp;authkey=AXIHE-OB-XiWpEcjyaV_Wp4'),
(1942, 1180, '', ''),
(1943, 1188, 'Site internet ciblé', 'http://www.sos-piratage.com'),
(1950, 1160, 'Communication des resultats', 'https://lyceeicof-my.sharepoint.com/personal/lucas_raffenot_icof_fr/_layouts/15/onedrive.aspx?id=%2Fpersonal%2Flucas_raffenot_icof_fr%2FDocuments%2Fcommunication%20stage%20SIO1'),
(1951, 1172, 'Script PowerShell Fonctionnelle (fini)', 'https://lyceeicof-my.sharepoint.com/personal/julien_piot_icof_fr/_layouts/15/guestaccess.aspx?docid=0f9e0dd5d523348168a152b15e985aebe&amp;authkey=AW-Q1oQJR3f8vXS4WloPiVg'),
(1952, 1157, 'EtapeMasterisation', 'https://lyceeicof-my.sharepoint.com/personal/jaber_azzoug_icof_fr/_layouts/15/onedrive.aspx?id=%2Fpersonal%2Fjaber_azzoug_icof_fr%2FDocuments%2FStage%202017%2FSuiviDesCompetenceSIO'),
(1953, 1159, 'Site internet icof APP-INFO', 'http://icof.fr/appinfo/'),
(1954, 1159, 'Rapport de stage', 'https://lyceeicof-my.sharepoint.com/personal/tom_theret_icof_fr/_layouts/15/guestaccess.aspx?docid=1000bb945f24a463a8c60dae86a43b206&amp;authkey=AX-HuD98k8-EaaK4b7q8RpI'),
(1955, 1159, 'Document Application web ', 'https://lyceeicof-my.sharepoint.com/personal/tom_theret_icof_fr/_layouts/15/guestaccess.aspx?folderid=14b9042812bc64ba09d9b4d48d6dd8290&amp;authkey=ARAe1WjV0A9VEwqW7qsYtO8'),
(1956, 1122, 'Facture d\\\'achat', 'https://lyceeicof-my.sharepoint.com/personal/aurelien_boyet_icof_fr/_layouts/15/guestaccess.aspx?folderid=0c3fb702e8e0e47a79ac5429ac2573e8e&amp;authkey=Ae9IEFzj_gVn3FGveFxRI-A'),
(1957, 1122, 'Photo montage PC', 'https://lyceeicof-my.sharepoint.com/personal/aurelien_boyet_icof_fr/_layouts/15/guestaccess.aspx?folderid=0919ae5a195904eb4b12d09e73618efaf&amp;authkey=AZfG6nLby1vwPQ4FvQZ-nW0'),
(1958, 1122, 'Commande de câble réseaux', 'https://lyceeicof-my.sharepoint.com/personal/aurelien_boyet_icof_fr/_layouts/15/guestaccess.aspx?docid=0d407ed130bf044798d0e035d925385bc&amp;authkey=AS-zTqC96wY7vYIkQFGhS9k'),
(1959, 1122, 'Fond écran personnaliser au Cabinet', 'https://lyceeicof-my.sharepoint.com/personal/aurelien_boyet_icof_fr/_layouts/15/guestaccess.aspx?docid=09cfa5218657b4375b912062b0ad903ef&amp;authkey=ATUnuXdmEJzShib7uniJ_1g'),
(1960, 1122, 'Préconisations techniques minimales pour La Solution Crypto Version 5', 'https://lyceeicof-my.sharepoint.com/personal/aurelien_boyet_icof_fr/_layouts/15/guestaccess.aspx?docid=0782c2f18bf1b400bb09ebec768de944e&amp;authkey=AVzZQvpk9rUqzGBs59M2o-c'),
(1961, 1122, 'Procédure installation applications PC', 'https://lyceeicof-my.sharepoint.com/personal/aurelien_boyet_icof_fr/_layouts/15/guestaccess.aspx?docid=0e8e74fc7059949cf9117ebaf18487b37&amp;authkey=ATqqEVT9mK1jxnVNHeLshvM'),
(1962, 1122, 'Rapport d\\\'activité', 'https://lyceeicof-my.sharepoint.com/personal/aurelien_boyet_icof_fr/_layouts/15/guestaccess.aspx?docid=0a2574a58a82b46c683d23e8d88258612&amp;authkey=Ae4v4kQkNlT09tX7nMHho4w'),
(1963, 1122, 'Récapitulatif étude commande informatique', 'https://lyceeicof-my.sharepoint.com/personal/aurelien_boyet_icof_fr/_layouts/15/guestaccess.aspx?docid=03015ed536b964e418f7424089622279e&amp;authkey=AU09knRZ46rs3b09QRmOX64'),
(1964, 1122, 'Note_carte_mère_serveur_S1200SP', 'https://lyceeicof-my.sharepoint.com/personal/aurelien_boyet_icof_fr/_layouts/15/guestaccess.aspx?docid=0a6243e2a5ab64b54bd9273337a5a9ae8&amp;authkey=Ad2Ghu7XULaorijPzNzxyL4'),
(1965, 1122, 'Note_xeon-e3-1200-v6', 'https://lyceeicof-my.sharepoint.com/personal/aurelien_boyet_icof_fr/_layouts/15/guestaccess.aspx?docid=05b0f1075d7534c1f87040dec0abf32ec&amp;authkey=AXhLFeDCrwhaOmHHAwQuFsU'),
(1966, 1122, 'Plan du réseau', 'https://lyceeicof-my.sharepoint.com/personal/aurelien_boyet_icof_fr/_layouts/15/guestaccess.aspx?docid=047c50bac72eb42c082b2e76afd50d4e6&amp;authkey=Ac0BTkqkFs81riXbNKqw3lQ'),
(1967, 1157, 'Reformulation', 'https://lyceeicof-my.sharepoint.com/personal/jaber_azzoug_icof_fr/_layouts/15/WopiFrame.aspx?sourcedoc=%7B6930815F-518F-484F-8200-B5C0BBA0A621%7D&amp;file=Reformulation.docx&amp;action=default&amp;IsList=1&amp;ListId=%7B40D1929E-EB72-4621-805C-677D0CF233E'),
(1968, 1179, 'Reformulation', 'https://lyceeicof-my.sharepoint.com/personal/jaber_azzoug_icof_fr/_layouts/15/WopiFrame.aspx?sourcedoc=%7B5F897BA0-FEDC-4803-BEA7-414D01177AD2%7D&amp;file=Reformulation.docx&amp;action=default&amp;IsList=1&amp;ListId=%7B40D1929E-EB72-4621-805C-677D0CF233E'),
(1969, 1197, 'Reformulation', 'https://lyceeicof-my.sharepoint.com/personal/jaber_azzoug_icof_fr/_layouts/15/WopiFrame.aspx?sourcedoc=%7BE6BC835A-A2DC-463B-8F18-AF6E1A043070%7D&amp;file=Reformulation.docx&amp;action=default&amp;IsList=1&amp;ListId=%7B40D1929E-EB72-4621-805C-677D0CF233E'),
(1970, 1198, 'Reformulation', 'https://lyceeicof-my.sharepoint.com/personal/jaber_azzoug_icof_fr/_layouts/15/WopiFrame.aspx?sourcedoc=%7BA8C24C55-897D-48B8-A0DD-4F12C7F23C22%7D&amp;file=Reformulation.docx&amp;action=default&amp;IsList=1&amp;ListId=%7B40D1929E-EB72-4621-805C-677D0CF233E'),
(1971, 1088, 'Lien vers trello', 'https://trello.com/b/MncH9lX5/stage-sio1-2017-jz'),
(1972, 1088, 'Lien vers les normes', ''),
(1973, 1169, 'Lien vers trello', 'https://trello.com/b/MncH9lX5/stage-sio1-2017-jz'),
(1974, 1174, 'Lien vers trello', 'https://trello.com/b/MncH9lX5/stage-sio1-2017-jz'),
(1975, 1174, 'Lien vers les normes', ''),
(1976, 1136, 'Rapport de stage', 'https://lyceeicof-my.sharepoint.com/:b:/g/personal/aldric_pontille_icof_fr/EdQ4_iqn64VGrbT4BN3vrtMBSfXPnzgEYelIoWc_jrQxlQ?e=hGiPQy'),
(1977, 1207, 'Site Test', 'http://julian.hemka.com/');
INSERT INTO `port_production` (`numero`, `refSituation`, `designation`, `adresse`) VALUES
(1979, 1207, 'Lien vers explication de JOOMLA', 'https://www.joomla.fr/index.php?option=com_k2&amp;view=item&amp;id=1446:qu-est-ce-que-joomla&amp;Itemid=829'),
(1980, 1208, 'AMI Structure Landing page', 'http://amistructure.fr/'),
(1981, 1209, 'Lien vers SuperPictor', 'http://www.superpictor.com'),
(1982, 1209, 'Lien vers Facebook de SuperPictor', 'https://www.facebook.com/SuperPictor/'),
(1983, 1209, 'Lien vers page Presse SuperPictor', 'http://www.superpictor.com/Espace-Presse/espace-presse.html'),
(1984, 1209, 'Lien vers page blog SuperPictor', 'http://www.superpictor.com/Blog/Dernier.html'),
(1985, 1209, 'Lien vers page coupon SuperPictor', 'http://www.superpictor.com/coupon.html'),
(1986, 1215, 'Site Dailing', 'http://transports-mobilites.fr/Dailing(preprode)'),
(1987, 1216, 'Solution applicative de gestion de leads', 'transports-mobilites.fr/Recrutement'),
(1988, 1217, 'Site Journée de la vente', 'http://journeedelavente.com/'),
(1989, 1114, 'S1 - Sécurisation de l\\\'accès aux serveurs MySQL', 'https://benjaminrogersisr.wordpress.com/stage-1ere-annee/'),
(1990, 1223, 'S2 - Étude de l\\\'offre multicanal', 'https://benjaminrogersisr.wordpress.com/stage-2eme-annee/'),
(1991, 1200, 'S2 - Prise en charge d\\\'incident', 'https://benjaminrogersisr.wordpress.com/stage-2eme-annee/'),
(1992, 1224, 'S2 - Rédaction d\\\'une documentation en ligne', 'https://benjaminrogersisr.wordpress.com/stage-2eme-annee/'),
(1993, 1222, 'S2 - Veille technologique Meltdown et Spectre', 'https://benjaminrogersisr.wordpress.com/veille-technologique/'),
(1996, 1209, 'Lien vers les pages de gestions des commandes', 'SuperPictor/administrator->se connecter-> voir les users -> ouvrir une new session avec cet user ou faire gestions des commandes'),
(1997, 1178, 'Netvibes - Veille Technologique', 'https://www.netvibes.com'),
(1998, 1228, 'Recensement des informations de veille', 'https://lyceeicof-my.sharepoint.com/:x:/r/personal/cathy_blum_icof_fr/_layouts/15/WopiFrame.aspx?sourcedoc=%7B8C4CDA56-922E-40F9-8EB2-0B1A447A4EFE%7D&amp;file=Virus.xlsx&amp;action=default&amp;IsList=1&amp;ListId=%7B03E88521-F22C-4455-8B39-8658BDA9C939%7D'),
(1999, 1097, 'Lien blog The Dude', 'https://messtagesenbtssio.wordpress.com/2017/05/22/contenu-mis-en-avant/'),
(2000, 1104, 'Lien blog configuration d\\\'un switch', 'https://messtagesenbtssio.wordpress.com/2017/05/22/contenu-mis-en-avant-3/'),
(2001, 1230, 'Site : ', 'veroniquemilioni.com'),
(2002, 921, 'Rapport de stage', 'https://lyceeicof-my.sharepoint.com/:w:/r/personal/charles_emieux_icof_fr/_layouts/15/WopiFrame.aspx?sourcedoc=%7BC717FC55-1589-4756-8C8F-B61C4B7829AD%7D&amp;file=Epreuve_E6_EMIEUX.docx&amp;action=default&amp;IsList=1&amp;ListId=%7B40D1929E-EB72-4621-805C'),
(2003, 1244, 'S2 CDC Automatisation post-injection', ''),
(2004, 1253, 'S2 Test_performance_S3', ''),
(2005, 921, 'Suivi de stage', 'https://lyceeicof-my.sharepoint.com/:w:/r/personal/charles_emieux_icof_fr/_layouts/15/WopiFrame.aspx?sourcedoc=%7BBEDE786C-5B40-4A95-8A8C-6AF517B53074%7D&amp;file=SUIVI_DE_STAGE.docx&amp;action=default&amp;IsList=1&amp;ListId=%7B40D1929E-EB72-4621-805C-67'),
(2006, 1255, 'S2 Rattrapage kilo', ''),
(2007, 1258, 'S2 - Bilan statistiques d\'une BDD', ''),
(2008, 1257, 'Documents pour renseigner le PPE1 ', 'one drive -&gt; PPE C#'),
(2009, 1266, 'Documents pour renseigner le PPE2', 'one drive -&gt; PPE PHP'),
(2010, 1278, 'Projet', 'https://benjaminrogersisr.wordpress.com/stage-2eme-annee/'),
(2011, 1232, 'One drive', 'https://lyceeicof-my.sharepoint.com/:f:/g/personal/gaspard_minguez_icof_fr/EtUnaa9-tTJFgfFzx3dCz60BhQ3JCd_lpLGJCIkTBzCiNQ?e=NUP1rc'),
(2012, 1135, 'Présentation formulaire', 'https://lyceeicof-my.sharepoint.com/:f:/g/personal/gaspard_minguez_icof_fr/Epz74MVu_Z1LpUkjJCIqyJABSqxJGt-mF3u54N6BluM3Vw?e=GqdYto'),
(2013, 1134, 'One drive', 'https://lyceeicof-my.sharepoint.com/:f:/g/personal/gaspard_minguez_icof_fr/EuxJDgB6LtlAkoQBj8s4zuMBqNz9lWfGzGvc99Hf3RFG1w?e=9tvptU'),
(2014, 1096, 'Page blog du travail sur bornes wifi', 'https://messtagesenbtssio.wordpress.com/2017/05/22/contenu-mis-en-avant-2/'),
(2015, 1096, 'Les bornes wifi du secteur logistique', 'https://messtagesenbtssio.wordpress.com/2018/02/28/les-bornes-wifi-du-secteur-logistique/'),
(2016, 1096, 'Les bornes wifi de l’usine moteur', 'https://messtagesenbtssio.wordpress.com/2018/02/27/les-bornes-wifi-de-lusine/'),
(2017, 1096, 'Paramétrage d’une borne wifi', 'https://messtagesenbtssio.wordpress.com/2018/02/27/configuration-dune-borne-wifi/'),
(2018, 1103, 'A1.2.2 Maquettes', 'https://lyceeicof-my.sharepoint.com/:i:/g/personal/louis_vallas_icof_fr/ESvpcnd5S6tDphn6CNzqcj0BIbhvmxsz7-5z16eZwV78-w?e=m1bzyh'),
(2019, 1103, 'A1.2.2 Maquettes n°2', 'https://lyceeicof-my.sharepoint.com/:i:/g/personal/louis_vallas_icof_fr/ETPJed5a36tDng6xTknfv1oBfbrS-C3PqOnnqiKBZaRbHA?e=peXu4o'),
(2020, 1199, 'A1.3.4 Déploiement Jazz', 'https://lyceeicof-my.sharepoint.com/:i:/g/personal/louis_vallas_icof_fr/EaoLuL_iDEFLmAoRc3MwoioBtREX9M6hVWNUdYpj7tvCKQ?e=efeLMZ'),
(2021, 1199, 'A1.4.1 Objectifs quotidiens', 'https://lyceeicof-my.sharepoint.com/:i:/g/personal/louis_vallas_icof_fr/EaOmZfF3bmxDqO4joDdLmE4BzotuzYU-jtsI68I6vz42CA?e=lGRv2J'),
(2022, 1199, 'A3.2.2 Correction bugs', 'https://lyceeicof-my.sharepoint.com/:i:/g/personal/louis_vallas_icof_fr/EcjxzcKw2OVCphDy2kurBHcBxVBIrwGFeyCzGxv6LagLHg?e=hoP9kG'),
(2023, 1204, 'A1.1.1 Analyse du cahier des charges d\'un service à produire', 'Oral, lignes directrices, premier projet d\'appli web et proto'),
(2025, 1204, 'A1.2.5 Définition des niveaux d\'habilitation associés à un service', 'Deux catégories, les administrateurs et utilisateurs '),
(2026, 1204, 'A1.3.1 Test d\'intégration et d\'acceptation d\'un service', 'Passage par FileZilla, correction des bugs'),
(2027, 1204, 'A1.3.2 Définition des éléments nécessaires à la continuité d\'un service', 'Garder un service OVH fonctionnelle, garder un backup au cas où il y aurai un soucis'),
(2028, 1204, 'A1.3.3 Accompagnement de la mise en place d\'un nouveau service', 'Explication du fonctionnement aux administrateurs, fondateur du projet pour les événements'),
(2029, 1204, 'A1.4.1 Participation à un projet', 'Intégration au projet, connaître ce qu\'il se passe dans l\'entreprise'),
(2030, 1204, 'A1.4.2 Évaluation des indicateurs de suivi d\'un projet et justification des écarts', 'Voir l\'avancement du projet avec le maître de stage, se fixer des dates'),
(2031, 1204, 'A2.1.1 Accompagnement des utilisateurs dans la prise en main d\'un service', 'Explication du fonctionnement aux administrateurs, fondateur du projet pour les événements'),
(2032, 1204, 'A3.1.2 Maquettage et prototypage d\'une solution d\'infrastructure', 'Prototype au préalable sur le local de mon ordinateur via uWamp'),
(2033, 1204, 'A4.1.1 Proposition d\'une solution applicative', 'Proposition à la fin du prototype de nouvelles solutions afin de faciliter la prise en main de l\'utilisateur'),
(2034, 1204, 'A4.1.2 Conception ou adaptation de l\'interface utilisateur d\'une solution applicative', 'https://lyceeicof-my.sharepoint.com/personal/thomas_miglianico_icof_fr/_layouts/15/onedrive.aspx?id=%2Fpersonal%2Fthomas_miglianico_icof_fr%2FDocuments%2FE6%20-%202018%2FS2%20-%20M1%20-%20D%C3%A9veloppement%20application%20web%20php-js-ajax%2FInterface'),
(2035, 1204, 'A4.1.3 Conception ou adaptation d\'une base de données', 'https://lyceeicof-my.sharepoint.com/personal/thomas_miglianico_icof_fr/_layouts/15/onedrive.aspx?pa=undefined&id=%2Fpersonal%2Fthomas_miglianico_icof_fr%2FDocuments%2FE6%20-%202018%2FS2%20-%20M1%20-%20D%C3%A9veloppement%20application%20web%20php-js-ajax'),
(2036, 1204, 'A4.1.4 Définition des caractéristiques d\'une solution applicative', 'Définir le besoin des utilisateurs et des administrateurs'),
(2037, 1204, 'A4.1.5 Prototypage de composants logiciels', 'https://lyceeicof-my.sharepoint.com/personal/thomas_miglianico_icof_fr/_layouts/15/onedrive.aspx?id=%2Fpersonal%2Fthomas_miglianico_icof_fr%2FDocuments%2FE6%20-%202018%2FS2%20-%20M1%20-%20D%C3%A9veloppement%20application%20web%20php-js-ajax'),
(2038, 1204, 'A4.1.6 Gestion d\'environnements de développement et de test', 'https://lyceeicof-my.sharepoint.com/personal/thomas_miglianico_icof_fr/_layouts/15/onedrive.aspx?id=%2Fpersonal%2Fthomas_miglianico_icof_fr%2FDocuments%2FE6%20-%202018%2FS2%20-%20M1%20-%20D%C3%A9veloppement%20application%20web%20php-js-ajax'),
(2040, 1204, 'A4.1.8 Réalisation des tests nécessaires à la validation d\'éléments adaptés ou développés', 'Réaliser tous les tests pour voir le bon fonctionnement'),
(2041, 1204, 'A4.2.3 Réalisation des tests nécessaires à la mise en production d\'éléments mis à jour', 'Réaliser tous les tests pour voir le bon fonctionnement'),
(2042, 1204, 'A5.2.3 Repérage des compléments de formation ou d\'auto-formation utiles à l\'acquisition de nouvelles compétences', 'https://openclassrooms.com/courses/simplifiez-vos-developpements-javascript-avec-jquery/premiers-pas-avec-ajax'),
(2043, 1204, 'A5.2.4 Étude d‘une technologie, d\'un composant, d\'un outil ou d\'une méthode', 'https://openclassrooms.com/courses/simplifiez-vos-developpements-javascript-avec-jquery/premiers-pas-avec-ajax'),
(2044, 1199, 'A5.2.2 Veille', 'https://lyceeicof-my.sharepoint.com/:i:/g/personal/louis_vallas_icof_fr/ERDmzPsWg8xGmm5YeZJNMGsBZ55QlucO06c6B_sNryR0wA?e=OGSdc0'),
(2045, 1199, 'A5.2.2 Veille Alertes', 'https://lyceeicof-my.sharepoint.com/:i:/g/personal/louis_vallas_icof_fr/Eepjofml4E9AnkTGCcZ_3yUBUzN1Z78Q6_kuGW0KIf4ffA?e=CM2ecm'),
(2046, 1075, 'Fiche utilisation CRM', 'https://lyceeicof-my.sharepoint.com/:w:/r/personal/nicolas_gandy_icof_fr/_layouts/15/WopiFrame.aspx?sourcedoc=%7B06FFBC60-9EEE-4B59-93CC-E3519EC403CD%7D&file=Fiche_Technique_FDF.docx&action=default&IsList=1&ListId=%7B03E88521-F22C-4455-8B39-8658BDA9C939%7'),
(2047, 1310, 'Document technique brique web et client', 'https://lyceeicof-my.sharepoint.com/:w:/r/personal/nicolas_gandy_icof_fr/_layouts/15/WopiFrame.aspx?sourcedoc=%7B7DEE1E30-3266-4366-806C-DD984FC627DA%7D&file=Fiche%20technique%20solution%20mise%20%C3%A0%20jour%20client%20-%20Copie.docx&action=default&IsLi'),
(2048, 1310, 'Brique client ', 'https://lyceeicof-my.sharepoint.com/personal/nicolas_gandy_icof_fr/_layouts/15/onedrive.aspx?id=%2Fpersonal%2Fnicolas_gandy_icof_fr%2FDocuments%2FCompte%20Rendu%20Stage%20GANDY%202%C3%A8me%20ann%C3%A9e%2FBrique%20client%2FLogiciel%20Mise%20%C3%A0%20jour%2'),
(2049, 1310, 'Brique Web', 'https://lyceeicof-my.sharepoint.com/personal/nicolas_gandy_icof_fr/_layouts/15/onedrive.aspx?id=%2Fpersonal%2Fnicolas_gandy_icof_fr%2FDocuments%2FCompte%20Rendu%20Stage%20GANDY%202%C3%A8me%20ann%C3%A9e%2FBrique%20web'),
(2050, 1201, 'Lien vers le blog', 'https://messtagesenbtssio.wordpress.com/2018/03/19/eyes-of-network/'),
(2051, 1201, 'Lien vers le dossier OneDrive', 'https://lyceeicof-my.sharepoint.com/personal/cathy_blum_icof_fr/_layouts/15/onedrive.aspx?id=%2Fpersonal%2Fcathy%5Fblum%5Ficof%5Ffr%2FDocuments%2FE6%20%2D%20BLUM%2FS2%20%2D%20Supervision%20r%C3%A9seau'),
(2052, 1240, 'Lien vers le blog', 'https://messtagesenbtssio.wordpress.com/2018/03/04/gestion-dincidents/'),
(2053, 1288, 'Lien vers le blog', 'https://messtagesenbtssio.wordpress.com/2018/03/21/mission-hors-stage/'),
(2054, 1307, 'Offre accès internet VPN', 'https://drive.google.com/drive/folders/1l6u1KSrQH_U9mqPuNW_eTsL3yvRzHI4J?usp=sharing'),
(2055, 1285, 'Script', 'https://drive.google.com/drive/folders/1TuHO_CccASFyPnK1KMfh-n_D3eFToawQ?usp=sharing'),
(2056, 1302, 'Documentation', 'https://drive.google.com/drive/folders/1h6dQnGVvZEM0AK6kdfBNr8jnZYXnFHeh?usp=sharing'),
(2057, 1306, 'Compte rendu', 'https://drive.google.com/file/d/11ZlAGdNJAZVae2V4jrMvE08RprmQnXz2/view?usp=sharing'),
(2058, 1303, 'Site WEB', 'https://www.netvibes.com/fr#!signin'),
(2059, 1308, 'Création d\\\'une session RDS', 'https://drive.google.com/file/d/1nTwKzEYnaGuxd0lriDHVJwr0zYVPv92X/view?usp=sharing'),
(2060, 1214, 'Activité 1 Supervision', 'https://lyceeicof-my.sharepoint.com/:w:/g/personal/aldric_pontille_icof_fr/EeVt_Z_NydVCvpY6VCZSNo0BkHCljdyTjuqjhLrQVUy2Gw?e=JsfP8e'),
(2061, 1218, 'Activité 2 Déploiement', 'https://lyceeicof-my.sharepoint.com/:w:/g/personal/aldric_pontille_icof_fr/ETdLfCkb9k9Mk74SYvZku4QBg0oOvq0cfiFRdsSNtsDwkQ?e=XNIEAk'),
(2062, 1219, 'Activité 3 Maintenance d\'un parc informatique', 'https://lyceeicof-my.sharepoint.com/:w:/g/personal/aldric_pontille_icof_fr/EZRzsBrsRZVDr9XAHCS1GNkBjQSeUtkYpr6fwAvUtZ0qng?e=nWpqJ0'),
(2063, 1318, 'Mots clés ', 'https://www.google.fr/alerts'),
(2064, 1317, 'Documentation technique ', 'https://lyceeicof-my.sharepoint.com/:w:/r/personal/nicolas_gandy_icof_fr/_layouts/15/WopiFrame.aspx?sourcedoc=%7B48AAFE3E-933A-41D6-A54A-DDEA240CA521%7D&file=Documentation%20PPE.docx&action=default&IsList=1&ListId=%7B03E88521-F22C-4455-8B39-8658BDA9C939%7'),
(2065, 1292, 'Lien vers onedrive PPE', 'https://lyceeicof-my.sharepoint.com/:f:/g/personal/gaspard_minguez_icof_fr/EppokL5ae7JJiinciKR4sLcBKjWldVIB7ZiKHzayGJS5VA?e=ybItqe'),
(2066, 921, 'gestion des clients', 'https://www.youtube.com/watch?v=hMTl8Dhj07U'),
(2067, 921, 'recherche clients', 'https://www.youtube.com/watch?v=PShZWP3cHiM'),
(2068, 921, 'personnalisation', 'https://www.youtube.com/watch?v=o9AWzH6jSko&amp;t=34s'),
(2069, 1287, 'Tests Calculs', 'https://lyceeicof-my.sharepoint.com/:w:/r/personal/hoang-duy_le_icof_fr/_layouts/15/WopiFrame.aspx?sourcedoc=%7BADFF5319-926B-47D8-AEC5-DEB74C60E60B%7D&file=Essai.docx&action=default&IsList=1&ListId=%7B03E88521-F22C-4455-8B39-8658BDA9C939%7D&ListItemId=22'),
(2070, 1287, 'Création d\'un autre fichier excel', 'https://lyceeicof-my.sharepoint.com/:x:/r/personal/hoang-duy_le_icof_fr/_layouts/15/WopiFrame.aspx?sourcedoc=%7BC13A3978-BB78-4229-B448-7F810A457698%7D&file=PDC_HARDIS_LYON_ALL.xls&action=default'),
(2071, 1287, 'Vérifier les différents calculs', 'https://lyceeicof-my.sharepoint.com/:w:/r/personal/hoang-duy_le_icof_fr/_layouts/15/WopiFrame.aspx?sourcedoc=%7BADFF5319-926B-47D8-AEC5-DEB74C60E60B%7D&file=Essai.docx&action=default&IsList=1&ListId=%7B03E88521-F22C-4455-8B39-8658BDA9C939%7D&ListItemId=22'),
(2072, 1287, 'Documentation d\'utilisation', 'https://lyceeicof-my.sharepoint.com/:w:/r/personal/hoang-duy_le_icof_fr/_layouts/15/WopiFrame.aspx?sourcedoc=%7B1FBEF45E-5E5B-416C-A8CF-96F8632DB87B%7D&file=VBA-Documentation.docx&action=default&IsList=1&ListId=%7B03E88521-F22C-4455-8B39-8658BDA9C939%7D&L'),
(2073, 1287, 'Cours-VBA', 'https://lyceeicof-my.sharepoint.com/:w:/r/personal/hoang-duy_le_icof_fr/_layouts/15/WopiFrame.aspx?sourcedoc=%7B4AE032FB-210B-4B00-B61F-831FD70FCE3D%7D&file=VBA-Cours.docx&action=default&IsList=1&ListId=%7B03E88521-F22C-4455-8B39-8658BDA9C939%7D&ListItemI'),
(2074, 1287, 'Chercher sur google', ''),
(2075, 1287, 'Explication par le maître de stage', 'https://lyceeicof-my.sharepoint.com/:w:/r/personal/hoang-duy_le_icof_fr/_layouts/15/WopiFrame.aspx?sourcedoc=%7BB589CD51-79BB-47A1-80C2-46A90A23D6C8%7D&file=Compr%C3%A9hension.docx&action=default&IsList=1&ListId=%7B03E88521-F22C-4455-8B39-8658BDA9C939%7D&'),
(2076, 1325, 'Tableau trello pour la refonte du site internet', 'https://trello.com/b/jVi6QnAk/site-interstis'),
(2077, 1325, 'Page équipe', 'http://interstis.fr/equipe.php'),
(2078, 1330, 'Rapport de stage', 'https://1drv.ms/w/s!AqXDxrULd4zljj19IyNRuqYwniHr'),
(2079, 1331, 'Rapport de stage', 'https://1drv.ms/w/s!AqXDxrULd4zljj19IyNRuqYwniHr'),
(2080, 1332, 'Rapport de stage', 'https://1drv.ms/w/s!AqXDxrULd4zljj19IyNRuqYwniHr'),
(2081, 1342, 'Rapport de stage', 'https://1drv.ms/w/s!AqXDxrULd4zljj19IyNRuqYwniHr'),
(2082, 1344, 'Rapport de stage', 'https://1drv.ms/w/s!AqXDxrULd4zljj19IyNRuqYwniHr'),
(2083, 1345, 'Rapport de stage', 'https://1drv.ms/w/s!AqXDxrULd4zljj19IyNRuqYwniHr'),
(2084, 1351, 'Rapport de stage', 'https://1drv.ms/w/s!AqXDxrULd4zljj19IyNRuqYwniHr'),
(2085, 1352, 'Rapport de stage', 'https://1drv.ms/w/s!AqXDxrULd4zljj19IyNRuqYwniHr');

-- --------------------------------------------------------

--
-- Structure de la table `port_professeur`
--

CREATE TABLE `port_professeur` (
  `num` int(11) NOT NULL,
  `nom` char(32) NOT NULL,
  `prenom` char(32) NOT NULL,
  `mel` char(64) NOT NULL,
  `mdp` char(32) NOT NULL,
  `niveau` int(11) NOT NULL,
  `valide` char(1) DEFAULT 'O'
) ENGINE=InnoDB DEFAULT CHARSET=utf8;

--
-- Déchargement des données de la table `port_professeur`
--

INSERT INTO `port_professeur` (`num`, `nom`, `prenom`, `mel`, `mdp`, `niveau`, `valide`) VALUES
(1, 'admin', '', 'accary.tiphaine@free.fr', 'aaecqjau', 0, 'O'),
(2, 'Revy', 'Marie', 'marie.revy@icof.fr', 'aaecqjau', 1, 'O'),
(3, 'Accary-Barbier', 'Tiphaine', 'tiphaine.accary-barbier@icof.fr', '693860', 1, 'O'),
(4, 'Di Quirico', 'Patrice', 'patrice.diquirico@icof.fr', '12345678', 1, 'N'),
(5, 'Ressouche', 'Gilles', 'gilles.ressouche@icof.fr', 'pacific2', 1, 'O'),
(6, 'Granotier', 'Frederique', 'frederique.granotier@icof.fr', '12345678', 1, 'O'),
(7, 'admin', '', 'admin@local.fr', 'aaecqjau', 0, 'O'),
(8, 'Radisson', 'Annick', 'annick.radisson@icof.fr', '12345678', 1, 'N'),
(9, 'Fezzani', 'Djamel', 'djamel.fezzani@icof.fr', 'icof2015', 1, 'O'),
(10, 'Langloy', 'Alban', 'a.langloy@gmail.com', 'morlok', 1, 'N'),
(11, 'Hibert', 'Sylvain', 'sylvain.hibert@icof.fr', 'icof2015', 1, 'N'),
(12, 'Bezet-Torres', 'Jérôme', 'jerome.bezet-torres@icof.fr', '12345678', 1, 'O'),
(13, 'David', 'Nicolas', 'nicolas.david@icof.fr', '12345678', 1, 'O');

-- --------------------------------------------------------

--
-- Structure de la table `port_situation`
--

CREATE TABLE `port_situation` (
  `ref` int(11) NOT NULL,
  `numEtudiant` int(11) NOT NULL,
  `codeLocalisation` smallint(6) NOT NULL,
  `codeSource` smallint(6) NOT NULL,
  `codeType` smallint(6) NOT NULL,
  `codeCadre` smallint(6) NOT NULL,
  `libcourt` varchar(64) NOT NULL,
  `descriptif` varchar(255) NOT NULL,
  `contexte` varchar(255) DEFAULT NULL,
  `datedebut` date DEFAULT NULL,
  `datefin` date DEFAULT NULL,
  `environnement` varchar(255) DEFAULT NULL,
  `moyen` varchar(255) DEFAULT NULL,
  `avisperso` varchar(255) DEFAULT NULL,
  `valide` char(1) NOT NULL DEFAULT 'O',
  `datemodif` date DEFAULT NULL
) ENGINE=InnoDB DEFAULT CHARSET=utf8;

--
-- Déchargement des données de la table `port_situation`
--

INSERT INTO `port_situation` (`ref`, `numEtudiant`, `codeLocalisation`, `codeSource`, `codeType`, `codeCadre`, `libcourt`, `descriptif`, `contexte`, `datedebut`, `datefin`, `environnement`, `moyen`, `avisperso`, `valide`, `datemodif`) VALUES
(11, 7, 1, 1, 1, 1, 'Conception d\'une base de données', 'Conception d\'une nouvelle base de données MySQL, depuis une base Access.', 'Développement de l\'environnement numérique de travail d\'exalta.', '2012-05-28', '2012-07-13', 'Power AMC, Serveur local xampp', '', '', 'O', '2018-02-27'),
(14, 23, 1, 1, 1, 2, 'Outil de supervision de réseau - Nagios/Centreon', 'L\\\'objectif était de mettre en place une platefrome de supervision basée sur Centreon/Nagios pour être alerté de toutes anomalie sur le réseau interne de l\\\'entreprise, afin de développer une meilleure réactivité.', 'Stage effectué au sein de l\\\'entreprise Materne\r\nEtude de cas réalisé dans le cadre du stage de première année BTS SIO.', '2012-05-29', '2012-06-29', 'Les outils sur lesquels je me suis basé sont : un ordinateur portable permettant l\\\'accès à distance d\\\'un hyperviseur.\r\n', 'Voici les moyens qui m\\\'ont été mis à disposition : des schémas réseaux de l\\\'entreprise, l\\\'accès au compte administrateur, un bureau pour travailler, un logiciel de prise en main à distance, des procédures, un accès à internet, une assistance en cas de ', 'Sujet très intéressant', 'O', '2013-05-09'),
(16, 7, 1, 1, 1, 1, 'Développement d\\\'une application Web', 'Développement de l\\\'environnement numérique de travail d\\\'exalta.\r\nCodage en PHP avec le framework Symdony 2.', 'Développement de l\\\'environnement numérique de travail.', '2012-05-28', '2012-07-13', 'Netbeans, plateforme local xampp.', '', '', 'O', '2013-05-22'),
(79, 7, 2, 4, 1, 1, 'PPE 0', 'Travail sur le contexte GSB.\r\nInstallation du contexte en local\r\nProduction d’un guide d’installation\r\nTravail sur les normes de développement : production d’un document\r\nCréation de la base de données à partir d’un fichier Excel (csv) contenant les mises', 'GSB', '2013-01-06', '2013-01-06', 'Word, Notepad++, Windows 7, Excel, XAMPP', '', '', 'O', '2013-05-22'),
(80, 7, 2, 4, 1, 1, 'PPE 1', 'Développement de l\\\'application Comptable GSB.\r\nLister et chiffrer les tâches à effectuer (document à produire par équipe)\r\nDévelopper les fonctionnalités « clôture » et « validation »\r\nDocument à rendre : Dossier technique des modifications effectuées (s', 'GSB', '2013-01-06', '2013-01-06', 'Netbeans PHP, XAMPP, Word', '', '', 'O', '2013-05-22'),
(81, 7, 2, 4, 1, 1, 'PPE 2', 'Création du Back-Office permettant de gérer les visiteurs.\r\nLister et chiffrer les tâches à effectuer (document à produire par équipe)\r\nProposer une maquette des différents écrans ou pages\r\nDévelopper les fonctionnalités « gestion des visiteurs » et « sta', 'GSB', '2013-01-06', '2013-01-06', 'Netbeans JAVA, Git', '', '', 'O', '2013-05-22'),
(112, 23, 1, 2, 1, 1, 'Support helpdesk - utilisateur', 'Des activités diverses et variées ont été effectuées lors du deuxième stage sur la base d\\\'incidents et de demandes d\\\'utilisateurs', 'Stage effectué au sein de l\\\'entreprise Materne\r\nActivités réalisées dans le cadre du stage de deuxième année BTS SIO', '2013-01-21', '2013-03-01', 'La communication avec les utilisateurs se faisait via téléphone ou \\&quot;ticket\\&quot; GLPI; \r\nLogiciels utilisés : VMware vCenter, LogMeIn, GLPI, etc.', 'Voici les moyens qui m\\\'ont été mis à disposition : compte administrateur, un bureau avec un téléphone pour le service helpdesk, un logiciel de prise en main à distance, des procédures, un accès à internet, une assistance en cas de besoin par les employés', 'Sujet moyennement intéressant mais capacités personnelles améliorées', 'O', '2013-05-09'),
(122, 7, 1, 2, 1, 1, 'Stage 2ème année', 'Amélioration d\\\'un solution existante.\r\nModification de la base de données.\r\nDéveloppement de la nouvelle application.', 'Stage de 2ème années.', '2013-01-21', '2013-02-22', 'XAMPP, Mutualisé OVH, SQL Privé OVH, MySQL, Microsoft Windows 8, Microsoft WebMatrix, MySQL Workbench, Sybase PowerAMC, Google Chrome.', '', '', 'O', '2013-05-21'),
(136, 7, 2, 4, 1, 2, 'Mise en place d\\\'un dispositif de veille technologique', 'Mise en place d\\\'un dispositif de veille technologique grâces à un suivis des flux RSS.', '', '2012-09-03', '2013-06-28', 'Windows', 'Netvibes', '', 'O', '2018-03-01'),
(140, 7, 2, 4, 1, 2, 'E4 : Applications CR', 'Développement des application de comptes rendus pour visiteur, dans le cadre de l\\\'épreuve orale , dans le contexte GSB.', 'GSB', '2013-04-14', '2013-04-14', 'Microsoft Windows 8, Microsoft Windows 7, Microsoft Windows Server 2012, Apache', 'Visual Studio 2012, Serveur Apache, Microsoft SQL Server 2012, Sublime Text 2', '', 'O', '2013-05-20'),
(141, 7, 2, 4, 1, 2, 'E4 : Back Office', 'Application de Back Office pour le Laboratoire, dans le cadre de l\\\'épreuve orale , dans le contexte GSB.', 'GSB', '2013-04-14', '2013-04-14', 'Microsoft Windows 8, Microsoft Windows 7, Microsoft Windows Server 2012', 'Visual Studio 2012, Microsoft SQL Server 2012', '', 'O', '2013-05-20'),
(166, 23, 1, 2, 1, 1, 'Support helpdesk - Manipulation de serveurs', 'Des activités diverses et variées ont été effectuées lors du deuxième stage sur la base d\\\'incidents et de demandes d\\\'utilisateurs suite à des anomalies sur des serveurs', 'Stage effectué au sein de l\\\'entreprise Materne\r\nActivités réalisées dans le cadre du stage de deuxième année BTS SIO', '2013-01-21', '2013-03-01', 'Les serveurs étaient pour l\\\'ensemble virtualisés ; \r\nLogiciels utilisés : VMware vCenter, LogMeIn,GLPI etc.', 'Voici les moyens qui m\\\'ont été mis à disposition : compte administrateur, un bureau avec un téléphone pour le service helpdesk, un logiciel de prise en main à distance, des procédures, un accès à internet, une assistance en cas de besoin par les employés', 'Sujet moyennement intéressant mais capacités personnelles améliorées', 'O', '2013-05-09'),
(176, 35, 1, 1, 1, 2, 'IXEO - Organisation et gestion de données', 'Etude des fonctionnalités attendues pour l\\\'application à développer.\r\nCréation d\\\'une base de données.', 'Stage 1ère année chez IXEO.', '2013-05-21', '2013-06-21', 'Ordinateur portable personnel sous W7, Visual Studio 2010, UWamp, DBMain, connexion Internet et une imprimante.', 'Compétences techniques et théoriques.', '', 'O', '2014-05-28'),
(177, 35, 1, 1, 1, 2, 'IXEO - Développement d\\\'une application C#', 'Développement d\\\'une application de gestion de factures en C#.', 'Stage 1ère année chez IXEO.', '2013-05-21', '2013-06-21', 'Ordinateur portable personnel sous W7, Visual Studio 2010, UWamp, connexion Internet.', 'Compétences techniques et théoriques.', '', 'O', '2014-05-28'),
(185, 35, 1, 1, 1, 2, 'IXEO - Déploiement d\\\'application', 'Déploiement de la base de données et de l\\\'application.\r\n(architecture : client lourd)', 'Stage 1ère année chez IXEO.', '2013-05-21', '2013-06-21', 'Ordinateur portable personnel sous W7, ordinateur du responsable, Visual Studio 2010, connexion Internet.', '', '', 'O', '2014-05-28'),
(321, 35, 1, 2, 1, 2, 'KUBIWEB - Référencement et maintenance de sites', 'Amélioration du référencement de plusieurs sites internet afin de les faire monter dans les résultats de recherche Google.\r\nCorrection de thèmes Wordpress et d\\\'une application web.', '', '2014-01-06', '2014-02-21', 'Ordinateur portable personnel sous W7, UWamp, Wordpress.', '', '', 'O', '2014-05-28'),
(363, 35, 2, 4, 1, 1, 'PPE C# - Développement d\\\'un back-office', 'Développement d’un outil de gestion des visiteurs médicaux.', '', '2013-11-08', '2013-12-13', 'Ordinateur fixe sous W8, Visual Studio 2010, UWamp.', '', '', 'O', '2014-05-28'),
(406, 35, 2, 4, 1, 2, 'PPE PHP - Développement d\\\'une application web', 'Développement d\\\'une application permettant aux visiteurs de gérer les visites chez des praticiens : consultation et saisie de compte-rendus, consultation des médicaments et des praticiens.', '', '2014-03-21', '2014-05-23', 'Ordinateur fixe sous W8, NetBeans, UWamp.', '', '', 'O', '2014-05-28'),
(429, 75, 1, 1, 1, 2, 'Stage 1 - Modification de la page d\\\'annuaire du site du CADEC', 'Élaboration d\\\'un rapport en vue des modifications de l\\\'annuaire du site et mise en place de celles-ci.\r\nMise en oeuvre de ces modifications.\r\n', 'Stage de première année au CADEC', '2014-05-19', '2014-05-26', 'Backoffice de l\\\'entreprise (application CMS), NotePad++, Windows 8', '', '', 'O', '2015-03-19'),
(442, 75, 1, 1, 1, 2, 'Stage 1 - Prise en charge d’incidents et assistance', 'Assistance problème messagerie de l\\\'entreprise', 'Stage de première année au CADEC', '2014-05-27', '2014-05-28', 'Microsoft Windows 8', '', '', 'O', '2015-03-19'),
(443, 75, 1, 1, 1, 2, 'Stage 1 - Etude d\\\'une solution applicative', 'Etude d\\\'utilisation d’une solution logicielle et risques', 'Stage première année au CADEC', '2014-05-29', '2014-06-02', 'Microsoft Windows 8, logiciel A2GI-LOCATION : gestion de locations', '', '', 'O', '2015-03-19'),
(444, 75, 1, 1, 1, 2, 'Stage 1 - Intégration et conception d\\\'un script', 'Conception d\\\'un script permettant l\\\'affichage de messages d\\\'accueil aléatoires sur le site.', 'Stage première année au CADEC', '2014-06-03', '2014-06-05', 'Microsoft Windows 8, Notepad++, serveur Uwamp, backofffice du site', '', '', 'O', '2015-03-19'),
(446, 75, 1, 1, 1, 2, 'Stage 1 - Intégration et suivi d\\\'une solution applicative', 'Veille technologique logiciels gestion de projets,\r\nIntégration de la solution, rédaction de tutoriel d\\\'utilisation, Suivi des utilisateurs, présentation à l\\\'équipe', 'Stage première année au CADEC', '2014-06-09', '2014-06-23', 'Microsoft Windows 8, logiciel GanttProject, Google Chrome, Microsoft Word', '', '', 'O', '2015-03-19'),
(463, 76, 1, 1, 1, 2, 'Stage 1- Élaboration d\\\'un dossier de choix de solution techniqu', 'Etude de différentes technologies web et mobiles et langages afin d\\\'orienter les choix de l\\\'entreprise pour la création d\\\'un site web et d\\\'une application mobile.', 'Stage première année', '2014-05-19', '2014-05-30', 'Google', 'Etude réalisée à la bibliothèque universitaire de l\\\'INSA, proche du lieu de stage.', '', 'O', '2015-03-19'),
(480, 76, 1, 1, 1, 1, 'Stage 1- Production d\\\'un site web', 'Création d\\\'un site web en Python, étant orienté selon les directives de mon maître de stage et accompagné d\\\'un autre stagiaire qui s\\\'occupait de la charte graphique', 'Stage première année', '2014-06-02', '2014-07-03', 'Python, Django, PostGreSQL, GitHub, could9 IDE', 'Développement effectué depuis chez moi en télétravail', '', 'O', '2015-03-24'),
(542, 76, 1, 2, 1, 2, 'Stage 2 - Réalisation d\\\'un site web WordPress', 'Rédaction d\\\'un cahier des charges, réflexion, conception, rédactions de documentations, élaboration du design, formation utilisateurs, sécurité et référencement, correction de bugs', 'Stage de deuxième année chez Ukronium1828', '2015-01-05', '2015-02-16', 'WordPress, notepad++', '', 'Expérience intéressante, j\\\'ai toujours voulu apprendre WordPress', 'O', '2015-04-28'),
(543, 75, 1, 2, 1, 2, 'Stage 2 - Développement et déploiement d\\\'un webservice', 'Développement de WebServices de test pour un EAI développé pour un des clients de l\\\'entreprise, qui avaient pour but de retourner des informations médicales (tels que les passages aux urgences) en fonction de paramètres (code établissement, date, etc…).', 'Stage de deuxième année à BPM-Conseil', '2015-01-05', '2015-01-09', 'Eclipse Kepler v4.3, Windows Seven, Serveur TomCat, Java/GWT', '', '', 'O', '2015-03-19'),
(544, 75, 1, 2, 1, 2, 'Stage 2 - Création d\\\'un designer de définition de cartes', 'Développement d’un outil de définition cartographique intégré au portail applicatif. Il comprend un assistant de création de définition cartographique ainsi que la définition de sources et jeux de données et permet une prévisualisation du résultat.', 'Stage de deuxième année à BPM-Conseil', '2015-01-12', '2015-02-13', 'Eclipse Kepler v4.3, Windows Seven, Serveur TomCat, Java/GWT, MySQL WorkBench, OpenStreetMap, Javascript OpenLayers', '', '', 'O', '2015-03-19'),
(581, 76, 2, 4, 1, 2, 'Année 2 - Veille technologique et complément de formation', 'Mise en place d\\\'une veille technologique au cours de la deuxième année d\\\'étude.\r\nRecherche et mise à niveau sur des points clés comme le C++', '', '2014-09-01', '2015-06-11', 'Recherche Google et aggrégat d\\\'informations sur Facebook et Feedly', '', 'Je pense que la veille est le moyen de formation le plus efficace en information qui est un milieu en perpétuelle évolution', 'O', '2015-02-26'),
(589, 75, 2, 4, 1, 2, 'PPE - Veille technologique', 'Description de la veille technologique', 'PPE ', '2013-09-03', '2015-02-26', 'Feedly, Appy Geek', '', '', 'O', '2015-03-19'),
(605, 76, 2, 4, 1, 1, 'Année 2 - PPE C#', 'Développement en équipe de 4 étudiants du back-office commercial dans le contexte de GSB.\r\nJe me suis occupé de la partie de gestion des commandes et de la base de données', 'GSB', '2014-12-15', '2015-02-27', 'Visual Studio, git, SQL Server', '', 'Mise en pratique des connaissances acquises en cours dans un projet qui pourrait presque être utilisé.', 'O', '2015-04-27'),
(607, 75, 2, 4, 1, 1, 'PPE-CSharp', 'Projet Professionnel Encadré réalisé lors de la deuxième année de BTS sur le projet GSB C#.', 'BTS 2ème année', '2015-03-24', '2015-03-24', 'Windows 8, NetBeans, Team Foundation Serveur, MySQL', '', '', 'O', '2015-03-26'),
(608, 75, 2, 4, 1, 1, 'PPE-PHP', 'Projet Professionnel Encadré réalisé lors de la deuxième année de BTS sur le projet GSB PHP.', 'BTS 2ème année', '2015-03-24', '2015-03-24', 'Windows 8, Notepad++, Uwamp, MySQL', '', '', 'O', '2015-03-26'),
(609, 76, 2, 4, 1, 1, 'Année 2 - PPE PHP', 'Développement PHP de modules d\\\'un site web gsb existant. Je me suis occupé de la partie BDD, validation des fiches et suivi du paiement.', 'GSB', '2015-02-02', '2015-03-16', 'Notepadd++, UwAmp, git, google', '', 'J\\\'ai trouvé le projet bien trop facile pour être intéressant', 'O', '2015-04-27'),
(917, 131, 1, 1, 1, 1, 'S1 SISR - Gestion et configuration portail captif', 'Configuration, gestion et rédaction guide utilisateur portail captif UCOPIA.', 'Professionnel - Stage', '2016-05-17', '2016-06-24', 'Portail captif', 'Documentation + aide tuteur.', '', 'O', '2018-03-11'),
(921, 145, 1, 1, 1, 1, 'S1 - Réalisation d\\\'une application Gestion Client', 'Pour l\\\'entreprise IDM (logiciel pour opticien), création d\\\'une application en php/mysql', 'Entreprise IDM', '2016-05-17', '2016-06-24', 'PHP/ MySQL / CSS', '', '', 'O', '2018-03-26'),
(1075, 166, 1, 1, 1, 2, 'Trouver CRM qui respecte des consignes données', 'Problématique: Création des devis/facture manuellement sans réel base de donnée. \r\n\r\n- Cahier des charges: Créer des devis sans avoir a rechercher le dernier client (suivis des numéro de devis) et report automatique des prix et informations de devis à la ', 'Le commercial souhaite changer sa gestion de facture et de base de données client et me demande de lui trouver un outil de gestion informatique (CRM) qui respecte le cahier des charges ci-dessus.', '2017-05-15', '2017-05-19', 'Internet, ordinateur personnelle. ', '', 'Beaucoup de CRM sur le net, une bonne partie sont payant après 1 ou 2 semaines d\'essai gratuit. \r\nPour les autres CRM en open source, beaucoup on des problèmes de fonctionnalités car les développeurs ne les mettent pas à jour. ', 'O', '2018-03-11'),
(1076, 169, 1, 1, 1, 2, 'S1 - M1 - Renforcement site web - Galerie photo', 'A la demande d\'un client, il nous est demandé de renforcer un site web déjà existant en mettant en place une galerie photo afin d\'aérer le visuel de la page et de permettre à l\'administrateur de délivrer plus de photos.', 'Travail dans les locaux de l\'association Coup de Pouce, avec MILON Pascal (Maître de stage), pour le client : Sylvie NEYRET ADAM.\r\nB', '2017-05-15', '2017-06-23', 'J\'apporte moi même mon ordinateur portable et je travail sur mon disque dur.\r\nJe me connecte aussi sur le réseau du serveur afin d\'avoir accès au serveur de test du site web afin de mettre en place les éléments demandés sans compromettre le site en prod', 'Serveur de test', '', 'O', '2018-03-01'),
(1088, 172, 1, 1, 1, 2, 'S1 - Réparation d\'un site Web -> remote', '-Amélioration de code pour la création d\'un site web pour l\'entreprise, réalisé anciennement par des anciens élèves d\'ICOF.\r\n', 'Stage de 1ère année', '2017-05-15', '2017-06-23', 'JAVA, CSS, HTML, PHP', 'Aide du tuteur et d\'internet', 'Très instructif et intéressant', 'O', '2018-02-27'),
(1091, 164, 1, 1, 1, 1, 'S1 Migration base de données', 'Migration d\'une base de données SQLite en PostGreSQL', 'Base de données technique utilisés par des processus automatisé.\r\nNécessité de changer de SGBD pour satisfaire les besoins en ressources et performances du projet en cours d\'évolution', '2017-05-15', '2017-05-18', 'SQLite, PostGreSQL', 'Hébergement local', '', 'O', '2018-02-27'),
(1092, 164, 1, 1, 1, 2, 'S1 Création d\\\'une application', 'A partir d\\\'un fichier Excel contenant les identifiants et l\\\'espace utilise de chaque disque, écrire un fichier Excel de sortie contenant les combinaisons optimales à effectuer pour utiliser le moins de HDDs possibles.', 'Mon entreprise stockait des HDDS en guise de back-up de certaines données injectés dans un datacenter.\r\nCes HDDs n\\\'étant pas remplis au maximum, il devenait utile de réfléchir à une solution pour \\&quot;compacter\\&quot; les données sans les fractionner s', '2017-06-07', '2017-06-07', 'Visual Studio 2010, C#', '', '', 'O', '2018-02-27'),
(1093, 169, 1, 1, 1, 2, 'S1 - M2 - Définir la charte graphique d\'un nouveau site web', 'MILON Pascal m\'a demandé de définir une charte graphique sur un nouveau site qu\'il compte créer dans le futur, il voudrait :\r\n- Se renseigner sur les sites web de copropriété déjà existant \r\n- Définir la charte graphique, placements des informations\r\n- ', 'Rendre compte au maître de stage pour une mission privée.', '2017-05-15', '2017-06-23', 'Serveur UwAmp personnel.', '', '', 'O', '2018-03-01'),
(1096, 174, 1, 1, 1, 1, 'S1- Travail sur les bornes wifi', 'Différentes missions sur les bornes wifi :\r\n- Vérifier l\\\'état de la connexion wifi au secteur logistique à l\\\'aide du logiciel Xirrus.\r\n- Audit de bornes wifi à l\\\'usine moteur.\r\n- Paramétrage d\\\'une borne wifi', 'Diverses missions sur les bornes wifi m\\\'ont été demandées sur différents sites.   ', '2017-05-18', '2017-06-21', 'Windows 7', 'Le Logiciel Xirrus scanne l\\\'environnement pour trouver tous les réseaux et mesure leur signal. Le logiciel Prime Infrastructure permet de localiser toutes les bornes wifi par bâtiment.', '', 'O', '2018-03-26'),
(1097, 174, 1, 1, 1, 2, 'S1 - Surveillance de l\\\'environnement réseau', 'Réalisation d\\\'interfaces sur le logiciel et former les employés à son utilisation.', 'Conception des interfaces du logiciel the Dude. ', '2017-05-15', '2017-06-23', 'Windows XP, Windows 7', 'The Dude sert à la surveillance de l’environnement réseau. Il permet un suivi continu des différents matériels connectés. S’il détecte la présence d\\\'une défaillance, il avertit immédiatement l\\\'utilisateur tout en indiquant la nature de la défaillance et', '', 'O', '2018-03-01'),
(1098, 161, 1, 1, 1, 1, 'Stage 1ère année - Développement gestion des stocks', 'Etablissement du cahier des charges selon les exigences de la société\r\nCréation du schéma conceptuel sur Jmerise et Windev\r\nCodage de la base de données en langage PHP et HTML, Windev\r\nDocumentation pour l\\\'utilisation de la bdd', 'Le directeur de l\\\'entreprise veut une vraie base de données afin de suivre toute la chaîne de production', '2017-05-15', '2017-06-23', 'Google Chrome, UWAMP, MySQL, PhpMyAdmin, Windev Version Express, Jmerise, SublimeText, WORD, Trello', 'Ordinateur', 'Beaucoup de difficultés au début.', 'O', '2017-06-26'),
(1103, 170, 1, 1, 1, 2, 'S1 - Créer une application Web', 'Mon but est de créer une application Web afin de faciliter la gestion des temps de projets dans l\\\'entreprise Kibatic.', 'Dans des locaux \\&quot;open-space\\&quot; de Kibatic avec 9 personnes.\r\nMon maître de stage est : Renaud BREDY', '2017-05-15', '2017-06-23', 'Je dispose d\\\'un ordinateur portable ainsi que d\\\'un écran supplémentaire.', 'Serveur de production et serveur de test.\r\nUtilisation de Gitlab afin d\\\'avoir des retours sur mon travail.', '', 'O', '2018-03-01'),
(1104, 174, 1, 1, 1, 1, 'S1 - Configuration d\\\'un switch', 'Configuration un switch qui servira à la reprise au cas où le switch de base tombe en panne. Utilisation de la configuration du switch de base pour le switch de spare. ', 'Demande d\\\'un switch de redondance. ', '2017-05-17', '2017-05-22', 'Intégration du switch dans une baie de brassage.', 'Windows 7 avec le logiciel Putty servant à la prise en main à distance.', '', 'O', '2018-02-27'),
(1105, 174, 1, 1, 1, 1, 'S1 - Audit de baies de brassage', 'J\\\'ai réalisé un audit de baies de brassage en regardant si les câbles étaient bien rangés, en prenant le nom et l\\\'adresse IP des switch, en regardant l\\\'état générale de la baie et en regardant si l\\\'onduleur est bien câblé à un switch.', 'Mise en conformité des baies de brassage.', '2017-05-29', '2017-06-02', 'Baies de brassage', '', '', 'O', '2018-03-02'),
(1109, 181, 1, 1, 1, 1, 'S1 - Installation serveur web', 'windows server 2008 avec hyper V\r\n+ VM debian (apache)', 'Professionnel - Stage', '2017-06-19', '2017-06-19', '', '', '', 'O', '2018-02-28'),
(1114, 184, 1, 1, 3, 2, 'S1 - Sécurisation de l\\\'accès aux serveurs MySQL', 'Création d\\\'un proxy par lequel passeront les utilisateurs pour se connecter aux serveurs MySQL. L\\\'authentification aux serveurs se fera avec les comptes de l\\\'Active Directory. Selon les groupes AD des utilisateurs, ils seront dirigés vers des proxy use', '', '2017-05-15', '2017-06-23', 'Debian, MySQL Enterprise, vagrant, virtualbox, putty', 'Documentations, Aide', '', 'O', '2018-03-05'),
(1118, 166, 1, 1, 1, 1, 'Site web', 'J\'ai pour mission de rendre le site web plus visuel sans utilisé de JavaScript ', '', '2017-05-15', '2017-06-21', 'Internet, ordinateur personnel ', 'Notepad++', 'Grande autonomie et liberté de productions. ', 'O', '2018-03-25'),
(1119, 179, 1, 1, 2, 1, 'Stage 1ère année : déploiement informatique', 'Fait des images pour des postes spécifique en ayant recours à des logiciels tels que OSCAR et ACRONIS.', 'Dans un établissement scolarisé, charger de renouveler les postes.', '2017-05-18', '2017-06-28', 'Salles composé d\\\'un postes principale et parfois d\\\'autres postes travaillant dans le même réseau.', 'Sauvegarde par windows, OSCAR ou ACRONIS et formatage gparted,OSCAR ou gparted', '', 'O', '2018-03-11'),
(1122, 175, 1, 1, 1, 2, 'Renouvellement parc informatique Cabinet CHEMIN BOYET', '- Remplacement de l’ensemble du parc informatique (4 postes, 2 serveurs, 1 commutateur)\r\n- Conception et amélioration du site internet de l’entreprise\r\n- Configuration d’un Commutateur Cisco\r\n- Ouverture d\\\'une ligne VDSL2', 'Stage 1ère année', '2017-05-15', '2017-06-30', 'UWAMP, Microsoft Windows Server 2012, Microsoft Windows Server 2016 Essentiels, Microsoft Windows 10 v1703, Google Chrome, Crypto (logiciel Immobilier), Synology DSM, Cisco IOS, Apple IOS, Sublime Text v3, ', '', 'Avis très positif de ma part, j\\\'ai pu réaliser beaucoup de tache en entreprise et en partie prendre des décisions importantes', 'O', '2017-09-25'),
(1125, 166, 1, 1, 1, 1, 'Unreal Engine 4', 'Unreal Engine 4 est un moteur de jeu développé par Epic Games, orienté à l\'origine pour les jeu à la première personne.\r\nJ\'avais pour objectif de me former en autonomie puis de réaliser une tache de développement pour le nouveau jeu \"Proton Ball&', '', '2017-05-15', '2017-06-21', 'Internet, Ordinateur', 'Unreal Engine 4', 'Formation longue mais très intéressante, réel valeur ajouté pour les compétences de développement.', 'O', '2018-03-15'),
(1133, 183, 1, 1, 1, 1, 'Stg1 - Gestion des tickets d\\\'incidents  STC \\&quot;Back Office\\', 'Réception et Traitement de tickets d\\\'incidents jusqu’à la résolution.', '', '2017-05-22', '2017-06-30', 'Bureautique', 'PC - Outils de ticketing - Pack Office', '', 'O', '2017-06-26'),
(1134, 162, 1, 1, 1, 2, 'S1-Symfony 3', 'Autoformation sur openclassroom pour l\'apprentissage du framework Symfony 3', '', '2017-06-23', '2017-06-23', 'Windows 7', '', '', 'O', '2018-02-27'),
(1135, 162, 1, 1, 1, 2, 'S1-Formulaire Jquery Mobile', 'Création d\\\'un formulaire utilisant Jquery mobile', '', '2017-06-23', '2017-06-23', 'Windows 7', '', '', 'O', '2018-02-27'),
(1136, 187, 1, 1, 1, 1, 'S1-Câblage chantier crématorium de Bron', 'Nos objectifs ont donc été : Tirer tous les câbles et installer des chemins de câbles. Assemblage de l\'armoire électrique et raccordement des câbles. Tirage de câbles d\'alimentation. Installation éclairages et bloc de secours.', 'Travail sur un chantier.\r\nDécouverte du métier d\'électricien.', '2017-05-15', '2017-06-23', '', 'Outils, touret de câbles, plans', 'Ce chantier était très intéressant car nous avons fait plein de choses différentes, j\'ai pu découvrir comment se déroule un chantier et apprendre quelques bases du métier d\'électricien.', 'O', '2018-03-25'),
(1140, 185, 1, 1, 1, 2, 'Gestion de Procédures', 'Bonita BPM est un logiciel sous Java de gestion de processus métier.\r\nIl est utilisé à l’INL pour créer des procédures.\r\nRéalisation de la procédure pour l’installation du service multi-utilisateur à distance sous Windows Serveur 2016.\r\n', '', '2017-05-15', '2017-06-23', 'Bonita BPM', '', '', 'O', '2018-03-05'),
(1151, 185, 1, 1, 1, 2, 'Sauvegarde complète avec GHOST', 'Création des images GHOST de plusieurs machines pour sauvegarder le disque dur.', '', '2017-05-15', '2017-06-23', 'logiciel Symantec GHOST', '', '', 'O', '2018-02-15'),
(1152, 145, 1, 1, 1, 1, 'S1 - Maintenance', 'Maintenance des pc', '', '2017-05-15', '2017-06-24', '', '', '', 'O', '2018-02-27'),
(1153, 131, 1, 1, 1, 1, 'S1 SLAM - Développement d\\\'une application pour Active Directory', 'Application de création/modification d\\\'utilisateur dans Active Directory.', 'Professionnel - Stage', '2017-05-15', '2017-06-23', 'Putty, WinSCP, Notepad ++.', 'Connaissances persos + aides tuteur de stage.', '', 'O', '2017-09-18'),
(1155, 165, 1, 1, 1, 2, '[S1] Développement en C# d\'une feature d\'application', 'Colibri est un logiciel de Dexeo technologie dont le rôle consiste en l analyse et l extraction de données de formulaires-papier scannés en fichier image. Dans cette mission, mon but était de développer un script qui analysait les formulaires cochés.', '', '2017-05-22', '2017-06-30', 'Ordinateur avec Windows 10 et une connexion à internet\r\nScanner-Imprimante', 'Visual Studio 2017\r\nMozilla Firefox\r\nAPI Imagebox (développée en interne par la compagnie)', '', 'O', '2018-03-12'),
(1156, 160, 1, 1, 1, 2, 'S1-Mise à jour d\'un site web interne de gestion des activités  ', 'Le site web n\'etait plus utilisé depuis 2011 et m\'a été confié afin que je le remette au gout du jour en ajoutant des fonctionnalités correspondant aux demandes de mon employeur.', '', '2017-05-15', '2017-06-26', 'Python 2.7\r\nSQLite3\r\nNotepad++\r\nMozilla Firefox/Google Chrome\r\nGitHub+SourceTree\r\nframework : Flask (python), Bootstrap (CSS)', '', 'Situation très enrichissante, prise en main des framework peu compliquée, la mise en combinaison du logiciel python gérant le back du html avec la liaison à la base de données change les interractions basiques avec le language html classique.', 'O', '2018-02-27'),
(1157, 128, 1, 1, 1, 2, 'S1 - Amélioration du master des postes', 'J\\\'ai participé a améliorer le master en détectant les erreurs liées a celui-ci', '', '2017-05-15', '2017-06-23', 'Microsoft System Center 2012 installation de Windows 7', '', '', 'O', '2017-10-01'),
(1159, 173, 1, 1, 1, 1, 'S1 - Mise en place d\\\'un outil de gestion ', 'Création d\\\'un site internet (PHP, CSS, JavaScript, FrameWork) avec application mobile Android (XML, Java) qui permet d\\\'inscrire les menus de la cantine et des informations propre à l\\\'établissement.', '', '2017-05-15', '2017-06-23', 'Sublime Text 3\r\nAndroid Studio\r\nFrameWork Bootstrap\r\nHébergement site : OVH \r\nTest appli : Asus zenfone 2 \r\nTest Site : Google Chrome', '', '', 'O', '2018-03-26'),
(1160, 182, 1, 1, 1, 2, 'S1 Campagne fishing', 'J\\\'ai mis en place un campagne de phishing via l\\\'application web Gophish: création d\\\'un serveur Gophish, création et mise en place de la campagne incluant un faux spam, lancement de celle-ci, étude et exploitation des résultats', '', '2017-06-26', '2017-06-26', '', '', '', 'O', '2017-09-18'),
(1161, 181, 1, 1, 1, 1, 'S1 - assistance a l\\\'utilisateur', 'assistance a l\\\'utilisateur', 'Professionnel - Stage', '2017-06-26', '2017-06-26', '', '', '', 'O', '2018-03-22'),
(1162, 167, 1, 1, 1, 2, 'S1 Projet mise a jour site Subaquagone', 'Mise a jour des données utilisateur d\\\'un site existant créé sous GuppY', '', '2017-05-15', '2017-06-02', 'Windows 7', '', 'beaucoup de problèmes, projet avorté au final.', 'O', '2017-06-26'),
(1163, 178, 1, 1, 1, 2, 'homogénéisation du parc informatique', 'mise a jours des logiciel et application a distance.\r\ndésinstallation et réinstallation de suite bureautique dans environnement test.\r\ndéploiement a distance test.\r\n\r\n', '', '2017-05-22', '2017-06-26', 'win 7 ,win8r32 , win...\r\n\r\n\r\n', '', '', 'O', '2017-06-30'),
(1164, 167, 1, 1, 1, 2, 'S1 Débuts sous GuppY', 'Prise en main du CMS GuppY, avec ses spécificités', '', '2017-05-18', '2017-05-22', 'Windows 7\r\nGuppY', '', '', 'N', '2017-06-26'),
(1166, 167, 1, 1, 1, 1, 'S1 Problemes d\\\'utilisation', 'Premiers problèmes rencontrés', '', '2017-05-22', '2017-06-02', 'Windows 7\r\nGuppY', '', 'GuppY n\\\'etait pas un CMS adapté pour un stage de première année de SIO', 'N', '2017-06-26'),
(1167, 181, 1, 1, 1, 1, 'S1 - déploiement logiciel', 'WPKG et GPO de microsoft par AD', 'Professionnel - Stage', '2017-06-26', '2017-06-26', '', '', '', 'O', '2018-02-27'),
(1169, 172, 1, 1, 1, 2, 'S1 - Installation Apache, PHP... à l\'aide d\'un script SHELL', '-Création d\'un script SHELL pour l\'installation d\'Homebrew, Apache, PHP et Git pour pouvoir accéder au site Web réparé de l\'entreprise', 'Stage de 1ère année', '2017-05-15', '2017-06-23', 'SHELL', 'Aide du tuteur et d\'internet', 'Très instructif et intéressant', 'O', '2018-02-27'),
(1170, 182, 1, 1, 1, 1, 'S1 Déploiement d\\\'un logiciel de gestion d\\\'adresse IP', 'J\\\'ai dû chercher un logiciel IPAM open source et le tester pour ensuite le proposer comme solution. J\\\'ai trouvé une application web \\&quot;Netbox\\&quot; utilisable sur linux. J\\\'ai du travailler sur une VM ubuntu 64bits pour l\\\'installation et le param', '', '2017-06-26', '2017-06-26', '', '', '', 'O', '2018-03-26'),
(1171, 167, 1, 1, 1, 1, 'Changement de projet et passage sur un Projet Wordpress', 'Abandon du projet Guppy, et passage sur une mise a jour du site sous Worpress\r\n\r\nobjectif, gestion des membres', '', '2017-06-05', '2017-06-23', 'Windows 7\r\nWordpress', 'identifiants et plein accès au backoffice', 'un peu trop \\&quot;plat\\&quot;\r\ntrop peu de code', 'O', '2017-06-26'),
(1172, 163, 1, 1, 1, 2, 'S1 - Gestion des sessions sous RDM', 'Apprentissage du langages PowerShell.Connaissance du projet, de l\\\'utilité du projet.Utilisation du logiciel Remote Desktop Manager.Améliorations du script, création de fonctions. Vérification des sessions, des bons user/mdp, de la connexion des sessions.', '', '2017-05-18', '2017-06-28', 'PowerShell\r\nRemote Desktop Manager', '', '', 'O', '2018-03-06'),
(1173, 164, 1, 1, 1, 1, 'S1 Automatisation d\'un suivi de base de données en VBA avec Exce', 'Implémentation d\'un suivi automatique d\'une base de données technique  dans l\'optique de pouvoir suivre les performances logiciels et hardware d\'un projet au fil du temps et ainsi communiquer au reste de l\'entreprise l\'avancement du dit projet. ', 'Système d\'aide à la conduite', '2017-06-26', '2017-06-26', '', '', '', 'O', '2018-03-11'),
(1174, 172, 1, 1, 1, 2, 'S1 - Création d\'un site Web aidant le SAV à gagner du temps', '- Création d\'un site WEB pour le SAV de l\'entreprise pour leur faire gagner du temps.', 'Stage de 1ère année', '2017-05-15', '2017-06-23', 'CSS, HTML, PHP, C++, JavaScript, Node.js', 'Aide du tuteur et d\'internet', 'Très instructif et intéressant', 'O', '2018-02-27'),
(1178, 172, 1, 3, 1, 2, 'Veille technologique', 'Veille technologique', 'Veille technologique obligatoire informatique', '2016-05-13', '2018-03-12', 'Veille ', 'Internet', 'Très instructif et intéressant', 'O', '2018-03-12'),
(1179, 128, 1, 1, 1, 2, 'S1 - Déploiement et installation de nouveaux PC', 'J\\\'ai déployé le nouveau master sur 80 postes et installé les logiciels manquants : projet urgent à partir d\\\'un master incomplet ', '', '2017-05-15', '2017-06-23', 'Windows 7', '', '', 'O', '2018-03-19'),
(1180, 164, 1, 1, 1, 2, 'S1 Préparation logiciel et système de tablettes All\\\'n\\\'One', 'Installation des packages logiciels nécessaire à l’exécution de solution métier spécifique.\r\nConfiguration des différentes sessions administrateur et utilisateur.\r\nCréation d\\\'un document décrivant la procédure pour conditionner une tablette.', 'Ces tablettes sont utilisés lors de roulages test pour effectuer des sauvegardes de données bruts enregistrés par une caméra et un radar.', '2017-06-26', '2017-06-26', 'Windows', '', '', 'O', '2018-03-11'),
(1182, 181, 1, 1, 1, 1, 'S1 - déploiement machine', 'poste, appareil interconnexion, imprimante ...', 'Professionnel - Stage', '2017-06-26', '2017-06-26', '', '', '', 'O', '2018-03-10'),
(1185, 185, 1, 1, 1, 2, 'Maintenance informatique matériel corrective', '-Détecter la panne d\\\'un ordinateur défectueux\r\n-Récupération de pièces fonctionnelles sur deux serveurs en panne\r\n-Remplacement écran d\\\'accueil défectueux\r\n-Diagnostiquer et remettre en service un serveur défectueux \r\n-Remplacement de composants', '', '2017-05-15', '2017-06-23', '', '', '', 'O', '2018-03-01'),
(1186, 178, 1, 1, 1, 1, 'mise en place solution gestion de parc informatique', 'recherche de solution\r\netude sur cette solution \r\ntest dans un atelier de cette solution ', '', '2017-06-27', '2017-06-27', 'atelier test .windows , linux.', '', '', 'O', '2017-06-27'),
(1187, 178, 1, 1, 1, 2, 'installation et configuration  ordinateur police municipale ', 'déménagement de locaux ,\r\nbranchement pc , téléphone \r\nparamétrage ip et configuration pc logiciel , imprimante etc...', '', '2017-06-27', '2017-06-27', 'locaux police ', '', '', 'O', '2017-06-29'),
(1188, 159, 1, 1, 1, 1, 'S1 - Rafraichissement d\'un site internet avec Drupal', 'Rafraichissement d\'un site internet déjà existant avec le CMS Drupal.  UwAmp,mysql,CMS Drupal ', 'Remettre à jour le site internet SOS-PIRATAGE avec le CMS Drupal\r\n', '2017-05-15', '2017-05-23', 'Ordinateur en local', 'Ordinateur, humains (Tutrice de stage ), UwAmp, CMS (Drupal)', 'Travail du design interessant et apprentissage d\'un nouvel outil de developpement ( CMS Drupal)', 'O', '2018-03-28'),
(1195, 185, 1, 1, 1, 2, 'Maintenance informatique matériel évolutive', '-Installation imprimantes réseaux avec les drivers associés\r\n-Gestion de câble de sécurité Antivol', '', '2017-05-15', '2017-06-23', '', '', '', 'O', '2018-03-23'),
(1196, 185, 1, 1, 1, 2, 'Maintenance informatique logiciel évolutive', '-Installation systèmes d\\\'exploitation\r\n-Activation Multi-Utilisateurs à distance.\r\n-Gestion comptes Utilisateurs et assistance utilisateurs\r\n-Installation Xen Server\r\n', '', '2017-05-15', '2017-06-23', '', '', '', 'O', '2018-03-23'),
(1197, 128, 1, 1, 1, 2, 'S1 - Mise en place de plusieurs procédures ', 'J\\\'ai fait au cour de ce stage plusieurs procédures afin d\\\'aider les utilisateurs mais aussi le service informatique. ', '', '2017-05-15', '2017-06-23', 'Windows 7 ', '', '', 'O', '2017-10-01'),
(1198, 128, 1, 1, 1, 1, 'S1 - Aide a l\\\'utilisateur ', 'J\\\'ai répondu aux tickets des utilisateurs concernant leur problème sur GLPI', '', '2017-05-15', '2017-06-23', 'Windows 7 / GLPI', '', '', 'O', '2017-10-01'),
(1199, 170, 1, 2, 1, 2, 'S2 - Application Web en Java EE', 'Ma mission durant ce stage est de rajouter des fonctionnalités sur une application Web (Java) déjà existante.\r\nCette application a pour but d\\\'afficher l\\\'état de différents services possédés par le CA-TS (Crédit Agricole - Technologies et Services).', 'Maître de stage : DEYDIER Julien / Responsable : LEHON Olivier\r\nDans des bureaux organisés par \\&quot;squads\\&quot; du Crédit Agricole. L\\\'entreprise compte plusieurs centaines de salariés, répartis sur plusieurs étages en fonction des pôles.', '2018-01-08', '2018-02-16', 'Matériel mis à ma disposition : Un ordinateur fixe avec deux écrans.\r\nUn compte \\&quot;développeur\\&quot; afin de disposer de tous les outils nécessaires au développement de l\\\'application (Eclipse, serveurs Apache, etc).', 'Un serveur de test ainsi qu\\\'un serveur de production.\r\nUn logiciel de développement.', '', 'O', '2018-03-01'),
(1200, 184, 1, 2, 2, 1, 'S2 - Prise en charge d\\\'incident', 'Prise en charge d\\\'incidents, dépannage utilisateur', '', '2018-01-08', '2018-02-16', '', 'Appel, glpi, Bureau à distance', '', 'O', '2018-02-27'),
(1201, 174, 1, 2, 1, 1, 'S2 - Supervision réseau', 'Supervision de l\\\'environnement réseau et implémentation du logiciel Eye of network. Création de map avec Nagvis, de graph avec Cacti et de schéma réseau avec Weathermap.', 'Implémentation du logiciel Eye of Network.', '2018-01-09', '2018-02-08', 'Windows 7', 'Eye of Network (application de supervision réseau), Nagvis(sert à la cartographie de la disponibilité), Cacti(pour la gestion des performances ), Weathermap (pour une cartographie la bande passante), Nagios (gérant les incidents et les problèmes)', '', 'O', '2018-03-21'),
(1204, 169, 1, 2, 1, 2, 'S2 - M1 - Développement application web php/js/ajax', 'Développer une application web pour le compte du maître de stage. Le but étant de faciliter la validation de \"quête\", de joueurs durant les événements.\r\nTel que la Lyon-eSport, Paris Games Week, Geek Touch, etc...\r\nAucun CSS utilisé. Utilité s', '', '2018-01-08', '2018-01-17', '', '', '', 'O', '2018-03-01'),
(1207, 172, 1, 2, 1, 2, 'S2 - Création d\'un site Web test pour découvrir JOOMLA', 'Création d\'un site web simple où j\'ai appris à utiliser les composants, modules et templates de JOOMLA', 'Stage de Seconde année', '2018-01-16', '2018-02-23', 'HTML/CSS', 'Aide du tuteur et d\'internet', 'Très instructif et intéressant', 'O', '2018-03-01'),
(1208, 172, 1, 2, 1, 2, 'S2 - Landing page AMI Structure', 'Création d\'une Landing page simple pour la société AMI Structure en situation de co-working avec l\'entreprise HEMKA', 'Stage de Seconde année', '2018-01-16', '2018-02-23', 'HTML/CSS/Photoshop', 'Aide du tuteur et d\'internet', 'Très instructif et intéressant', 'O', '2018-02-27'),
(1209, 172, 1, 2, 1, 2, 'S2 - Améliorations du site SuperPictor', 'Améliorations nombreuses du site principal de l\'entreprise HEMKA -> SuperPictor', 'Stage de Seconde année', '2018-01-16', '2018-02-23', 'HTML/CSS/JAVASCRIPT/AJAX/PHP/JQUERY/MYSQL', 'Aide du tuteur et d\'internet', 'Très instructif et intéressant', 'O', '2018-02-27'),
(1210, 181, 1, 2, 1, 1, 'S2 - Déploiement Téléphones mobiles', 'Changement de 180 Iphone\r\n- migration des anciens téléphone au nouveaux\r\n- récupération des anciens téléphone + listing des téléphones avec leur états', 'Professionnel - Stage', '2018-01-08', '2018-01-18', '', '', '', 'O', '2018-03-20'),
(1211, 181, 1, 2, 1, 1, 'S2 - Mise en place IPBX (XIVO)', 'configuration hardware xivo + liaison aux terminaux\r\nmaquette + installation client', 'Professionnel - Stage', '2018-01-19', '2018-01-22', '', '', '', 'O', '2018-03-21'),
(1212, 181, 1, 2, 1, 1, 'S2 - Déploiements Firewall', 'déploiement de plusieurs firewall CISCO (MERAKI) chez des client différent', '', '2018-01-23', '2018-02-09', '', '', '', 'O', '2018-03-20'),
(1214, 187, 1, 2, 1, 1, 'S2-1-Mise en place d\'un écran de supervision', '1- Monter les différents composants d\'un PC et installer  Windows 7 grâce à un CD.\r\n2- Mettre en place un écran dédié à la supervision d\'un client (banque) en passant par un VPN. L’objectif est d’avoir un visuel en continu sur l\'état des serveurs dans les', 'Avant la mise en place de l\'écran il fallait se connecter au serveur, maintenant l’écran est toujours allumé dans les locaux. C’est le premier écran de supervision qui est installé dans l’entreprise. ', '2018-01-08', '2018-01-26', '', 'Différents composants d\'ordinateur.', 'Cette situation m\'a permis d\'apprendre et de savoir brancher les différents composants d\'un PC. Cela m\'a encouragé à monter ma propre configuration.', 'O', '2018-03-25'),
(1215, 163, 1, 2, 1, 2, 'S2 - Création d\'un site e-commerce/Job Board', 'Création d\'un site web e-commerce / job board (Dailing) avec l\'outil Wordpress(CMS). Dailing est un site web d\'offre d\'emploi spécialisé dans les offres d\'emplois de transporteur.', '', '2018-01-02', '2018-02-09', 'Wordpress, plugin\r\nHtml, CSS, PHP', '', '', 'O', '2018-03-21'),
(1216, 163, 1, 2, 1, 2, 'S2 - Création d\'une solution applicative de gestion de leads', 'Création d\'une solution applicative pour la gestion de leads, trier, classer, cibler les leads reçu via le formulaire d’inscription. Un tableau se charge de récupérer les informations dans la base de données pour ensuite afficher toutes les informations.', '', '2018-01-02', '2018-02-09', 'Html, CSS, PHP, FileZilla', '', '', 'O', '2018-03-11'),
(1217, 163, 1, 2, 1, 2, 'S2 - Création d\'un site web Wordpress', 'Création d\'un site web Wordpress pour l\'organisation IAE pour la journée de la vente. Mise en ligne du service sur un serveur externe, exportation.', '', '2018-01-02', '2018-02-09', 'Wordpress, Html, CSS', '', '', 'O', '2018-03-11'),
(1218, 187, 1, 2, 1, 1, 'S2-2-Déploiement d\'image sur des nouveaux PC', 'Remplacement d\'anciens PC par des nouveaux à la banque cantonal de Genève.\r\nPousser une image de Windows 10 sur les nouveaux PC en utilisant l\'outil de déploiement WDS.', 'Une douzaine de PC désormais trop vieux doivent être remplacés par des nouveaux.\r\nIl y a donc un déploiement d\'image grâce à WDS.\r\nIl a fallu aller au contact de l\'utilisateur pour récupérer et migrer ses données importantes sur les nouveaux PC.', '2018-01-15', '2018-01-16', 'Serveur WDS de la banque cantonal de Genève.\r\nNouveaux PC.', '', 'Cette activité m\'a permis de préparer et de mieux comprendre un de mes projets de PPE.', 'O', '2018-03-25'),
(1219, 187, 1, 2, 1, 1, 'S2-3-Maintenance d\'un parc informatique', 'Assurer la maintenance du parc informatique du collège du sacré coeur.\r\nInstallation de logiciel;\r\nRéparation de PC;\r\nCréation de fichier partagé pour chaque niveau de classe( 6eme,5eme,etc...) en utilisant l\'Active Directory;\r\nLes failles Meltdown et Spe', 'J.DI GIACOMO gère la maintenance du parc informatique d\'un collège de 600 utilisateurs et d\'une centaine de PC.J\'ai dû l\'accompagner dans cette mission qui a duré tout le long du stage. LAN Advice a un contrat avec le collège qui indique que tous les merc', '2018-01-08', '2018-02-16', 'Parc informatique du collège du Sacré-cœur', '', 'Cette activité a été ma favorite. En effet gérer un parc informatique demande de nombreuses compétences et propose des missions variées à réaliser. Aller au contact avec certains professeurs pour leur expliquer et répondre à leurs besoins a aussi été très', 'O', '2018-03-25'),
(1220, 179, 1, 2, 1, 1, 'Stage 2ème année : infrastructure et réseaux', '-Dépannage sur sites et interventions\r\n-Mise en place de l\'inventaire du parc informatique\r\n-Cartographie de la mairie : physique et logique\r\n-Travaux Pratiques', 'Dans la mairie de Vaulx en Velin, il y a le service informatique qui s\'occupe de tout les incidents dans la mairie et autour d\'elle.', '2018-01-08', '2018-02-16', 'Baie de brassage, switches HP, routeurs LINKSYS, modems ZYXEL, bornes wifi et câblage en cuivre câble Ethernet, Fibre Optique et postes dans un domaine. ', 'Vue des sites par déplacement et communication des périphériques. \r\nRésolutions des pannes en équipe et avec matériels d\'infrastructure. Schématisations avec Microsoft Visio et mise en place de l\'inventaire avec Excel. Rédaction des TP avec Word.', '', 'O', '2018-03-20'),
(1221, 181, 1, 2, 1, 1, 'S2 - configuration mailinblack', 'Configuration du service anti-spam mailinblack', 'maquette + installation client', '2018-01-29', '2018-02-02', '', '', '', 'O', '2018-02-27'),
(1222, 184, 1, 2, 1, 2, 'S2 - Veille technologique', 'Veille technologique sur les failles Meltdown et Spectre', '', '2018-01-08', '2018-02-16', '', 'Google actu, google alerts', '', 'O', '2018-02-12'),
(1223, 184, 1, 2, 1, 1, 'S2 - Étude de l\\\'offre multicanal', 'Aide au projet de téléphonie : création d’une présentation pour commerciaux de la nouvelle solution téléphonique. Liste du nouveau matériel avec les prix. Étude de l’offre proposée par le fournisseur. Collecte des données : recenser tous les numéros des c', '', '2018-02-12', '2018-02-12', '', 'PowerPoint, Excel', '', 'O', '2018-02-12'),
(1224, 184, 1, 2, 1, 1, 'S2 - Rédaction d\\\'une documentation en ligne', 'Rédaction d\\\'une procédure pour l\\\'ajout et la suppression de comptes sur l\\\'intranet d\\\'un client\r\n\r\nRédaction d\\\'une petite documentation publiée sur GLPI dans la base de connaissance à propos de l\\\'ajout de sites de confiance sur les navigateurs.', '', '2018-01-25', '2018-01-25', '', '', '', 'O', '2018-03-01'),
(1225, 185, 1, 2, 1, 2, 'Migration vers Windows 10', 'Migration des écrans d\'accueil et des écrans tactile de Windows 7/8/vista à Windows 10.', '', '2018-01-08', '2018-02-16', '', '', '', 'O', '2018-03-23'),
(1228, 174, 1, 2, 1, 2, 'Veille technologique', 'J\\\'ai réalisé une veille technologique sur les virus informatique et les cyberattaques.', 'Se tenir informée des dernières informations dans le domaine des attaques informatiques.', '2018-01-08', '2018-02-16', '', 'Netvibes, MSN Microsoft, abonnements magazines', '', 'O', '2018-02-27'),
(1230, 145, 1, 2, 1, 1, 'S2 - Creation d\'un site WordPress', 'Création d\'un site WordPress pour la marque Véronique Milioni', '', '2018-02-27', '2018-02-27', 'WordPress et Elementor', '', '', 'O', '2018-02-28'),
(1231, 165, 1, 2, 1, 2, '[S2] Dévelloppement d\'un site web', 'Développement d\'un site-vitrine pour une PME en cours de création (Sigmarmots).', '', '2018-01-08', '2018-02-16', 'Wordpress', '', '', 'O', '2018-03-01'),
(1232, 162, 1, 2, 1, 2, 'S2-Développement site interne', 'Développement de page du site interne de la CARDIE lyon : fiche personnelle, trombinoscope, enregistrement de compétence et recherche de  gens possédant cette compétence et adaptation de la base de donnée', '', '2018-01-10', '2018-02-20', 'php, MYSQL', '', 'Enrichissant', 'O', '2018-02-27'),
(1233, 159, 1, 2, 1, 2, 'S2 - Developpement de site internet en local', 'Développement d\'un site internet en local pour une petite entreprise artisanale ( L\'île aux papillons )en PHP, afin de pouvoir visualiser les articles et les nouveautés ', '', '2018-01-08', '2018-02-16', 'uWamp, php, phpmyadmin', '', 'Bon moyen de comprendre le principe MVC et de révoir le développement orienté objet', 'O', '2018-03-28'),
(1234, 160, 1, 2, 1, 2, 'S2-Création d\'un cahier des charges', 'Projet de stage à mener de la création du cahier des charges à la livraison du produit fini (application android). La commande de cette application a été faite par mon maitre de stage, M. Thomas CHEJFEC,DSI de la société GERFLOR.', 'Cette situation correspond à mon second stage: réalisation d\'une application android permettant une gestion de contact améliorée par la création de liens.Je n\'ai malheureusement pas pu aller au-delà du cahier des charges.', '2018-01-08', '2018-02-16', 'Android studio,\r\nMySQL,\r\nphpMyAdmin,\r\nphp(sublime text)', '', 'Malgré le fait que je n\'ai pas terminé ma mission, j\'ai beaucoup appris sur la gestion de projet via la création et la rédaction du cahier des charges. Notamment sur les comparatifs de technologies, le pricing etc...', 'O', '2018-02-28'),
(1235, 173, 1, 2, 1, 2, 'S2 : Outils de déploiement de mise à jour serveur', 'Script Powershell qui permet d\'effectué une mise à jour d\'un serveur.', 'Dans le cadre de mon stage, des mises à jours devaient être effectué sur les serveur de l\'entreprise. Le but était de déployer des fichiers sur l’ensemble des machines (qui on tous la même arborescence). Pour le que le déploiement des fichiers fonctionnen', '2018-01-08', '2018-02-16', 'Powershell ISE,\r\nSublimeText', '', '', 'O', '2018-02-27'),
(1236, 173, 1, 2, 1, 2, 'S2 : Outils de sauvegarde de données', 'Script Powershell qui permet de sauver des données dans une cible et restaurer des données depuis cette source vers une autre cible donné d\'après la date de modification du fichier.', 'L\'entreprise dispose deux disque dur, 1 SSD et 1 HDD. Tout les fichiers de code son sur le HDD, si le fichier en question a été modifié il sera déplacer sur le SSD. Si dans le cas où le fichier n\'a pas été modifié depuis plus de 30 jours il sera bascul', '2018-01-08', '2018-02-16', 'Powershell ISE,\r\nSublimeText', '', '', 'O', '2018-03-26'),
(1237, 128, 1, 2, 1, 1, 'S2 - Aide a l\\\'utilisateur', 'J\\\'ai répondu aux tickets des utilisateurs concernant leur problème sur GLPI', '', '2018-01-08', '2018-02-16', 'Windows 7 / GLPI', '', '', 'O', '2018-02-27'),
(1238, 128, 1, 2, 1, 2, 'S2 - Veille technologique ', 'J\\\'ai effectuer une veille technologique dont le sujet est \\&quot;Les virus et les malwares\\&quot;', '', '2018-01-08', '2018-02-16', '', '', '', 'O', '2018-02-27');
INSERT INTO `port_situation` (`ref`, `numEtudiant`, `codeLocalisation`, `codeSource`, `codeType`, `codeCadre`, `libcourt`, `descriptif`, `contexte`, `datedebut`, `datefin`, `environnement`, `moyen`, `avisperso`, `valide`, `datemodif`) VALUES
(1239, 131, 1, 2, 1, 2, 'S2 SISR - Gestion et Administration de parc informatique', '- Diagnostic réseau existant et proposition d\\\'amélioration\r\n- Mise en place tablette pour enquête de satisfaction \r\n- Analyse de base de données', 'Professionnel - Stage', '2018-01-15', '2018-02-23', 'Windows serveur 2008 avec SBS 2011, Windows 10, Windows serveur 2016', 'Connaissances perso + débat avec prestataire pour accord.', 'Stage très enrichissant.', 'O', '2018-02-27'),
(1240, 174, 1, 2, 2, 1, 'S2 - Gestions d\'incidents ', 'Plusieurs incidents ont eu lieu pendant mon stage. Pour ma part, j\'en ai traité deux : un à l\'usine moteur et l\'autre au secteur logistique. ', 'Résolution d\'incident', '2018-01-15', '2018-02-16', '', '', '', 'O', '2018-03-21'),
(1241, 173, 1, 2, 1, 2, 'S2 : Outils de configuration de nouvelle installation serveur', 'Script Powershell qui permet de mettre en place un serveur supplémentaire efficace dès la fin du processus.\r\nRécupération des fichiers d\'installation,Installation des fichiers MSI et EXE.\r\nConfiguration de fichiers XML en fonction du nom du PC.\r\nInsertion', 'L\'entreprise souhaitait obtenir un serveur supplémentaire opérationnel le plus rapidement possible pour gérer un éventuelle surcharge.', '2018-01-08', '2018-02-16', 'Powershell ISE,\r\nSublimeText', '', '', 'O', '2018-03-01'),
(1242, 173, 1, 2, 1, 1, 'S2 : Développement de l\'infrastructure Intranet ', 'Modification du site intranet existant pour la société AC environnement.', '', '2018-01-08', '2018-02-16', 'Écrit en PHP avec modification base de données', '', '', 'O', '2018-03-25'),
(1243, 164, 1, 2, 1, 1, 'S1-S2 Participation au projet AD/ADAS', 'Le projet AD/ADAS vise à terme à valider une voiture autonome auprès des organismes de validation.\r\nDans le quotidien, cela revient à resimuler des portions de roulages déjà enregistrée par Renault pour assurer la non-régression du logiciel de la voiture.', '', '2018-02-27', '2018-02-27', '', '', '', 'O', '2018-02-27'),
(1244, 164, 1, 2, 1, 2, 'S2 Rédaction d\'un cahier des charges', 'Rédaction d\'un cahier des charges visant à automatiser des processus (scripts Powershells et Perl) jusque là lancé \"à la main\"', '', '2018-02-27', '2018-02-27', '', '', '', 'O', '2018-02-27'),
(1246, 128, 1, 2, 1, 1, 'S2 - Reconfiguration de PC infectés d\\\'un virus cryptolocker ', 'La CCI a subi durant ma période de stage une attaque d\\\'un virus cryptolocker ', '', '2018-01-23', '2018-02-06', '', '', '', 'O', '2018-03-09'),
(1247, 164, 1, 4, 1, 2, 'PPE - Veille technologique', 'Mise en place d\\\'une infrastructure de veille via www.netvibes.com', '', '2018-02-27', '2018-02-27', '', '', '', 'O', '2018-02-27'),
(1248, 145, 1, 3, 1, 1, 'Veille Technologique', 'Mise en place d\'un dispositif de veille technologique grâce à l\'application Android Feedly', '', '2018-02-27', '2018-02-27', '', '', '', 'O', '2018-02-27'),
(1249, 128, 1, 2, 1, 2, 'S2 - Configuration et déploiement de PC', 'J\\\'ai déployé le  master sur les postes infectés par le virus mais aussi sur les nouveaux PC que la CCI a récemment acheté ', '', '2018-01-08', '2018-02-16', '', '', '', 'O', '2018-02-27'),
(1250, 164, 1, 2, 1, 2, 'S2 Demande d\'extraction de fichiers depuis le filer', 'Réponse à des demandes métiers d\'extraction de fichiers précis depuis un filer seulement accessible à du personnel informatique.', '', '2018-02-27', '2018-02-27', '', '', '', 'O', '2018-02-27'),
(1251, 160, 2, 4, 1, 2, 'Veille informatique', 'Veille informatique réalisée pendant la 2ème année de bts', '', '2018-01-01', '2018-03-12', '', '', '', 'O', '2018-02-27'),
(1253, 164, 1, 2, 1, 2, 'S2 - Test de performances Amazon S3', 'Migration du système de filer prévu de CIFS à Amazon S3.\r\nTest des performances en comparaison à CIFS ', '', '2018-02-27', '2018-02-27', '', '', '', 'O', '2018-02-27'),
(1254, 169, 1, 4, 1, 1, 'PPE - Dispositif de veille technologique', 'Mise en place d\'une veille technologique continue via google alert', '', '2018-02-27', '2018-02-27', '', '', '', 'O', '2018-02-27'),
(1255, 164, 1, 2, 1, 2, 'S2 Rattrapage kilométriques', 'Base de données \"resumé \" contenant la description (date d\'enregistrement, véhicule correspondant, nombre de Km de la capsule)de chaque fichiers de roulages (caméra/radar).\r\nCertains kilométrages était manquant, il m\'a été demandé de les récupérés grâce à', '', '2018-02-27', '2018-02-27', '', '', '', 'O', '2018-02-27'),
(1256, 165, 2, 4, 1, 1, 'Veille technologique', 'Situation de veille technologique', '', '2018-02-27', '2018-02-27', '', '', '', 'O', '2018-03-01'),
(1257, 172, 2, 4, 1, 1, 'PPE1 - Csharp', 'PPE1 - Csharp - GSBFrais', 'Seconde année BTS SIO', '2017-12-01', '2018-03-30', 'C#', 'Équipe - Professeurs - Internet', 'Très intéressant et Instructif', 'O', '2018-02-27'),
(1258, 164, 1, 1, 1, 1, 'S2 - Bilan statistiques d\'une BDD ', 'Création d\'un script permettant d\'effectuer un bilan statistiques de l\'état de la totalité des capsules dont les informations sont présentes dans la BDD', '', '2018-02-27', '2018-02-27', '', '', '', 'O', '2018-02-27'),
(1259, 159, 2, 4, 1, 2, 'Veille technologique', 'Veille technologique', '', '2016-09-04', '2018-02-27', 'Smartphone, ordinateur, internet', '', '', 'O', '2018-03-28'),
(1260, 164, 1, 4, 1, 1, 'PPE - GSB C#', 'Mise en place d\'une interface de gestion des clients, produits et salariés GSB', '', '2018-02-27', '2018-02-27', '', '', '', 'O', '2018-02-27'),
(1261, 162, 2, 4, 1, 2, 'Veille technologique', 'Veille technologique', 'Veille technologique', '2018-02-27', '2018-02-27', '', '', '', 'O', '2018-03-01'),
(1262, 164, 1, 4, 1, 1, 'PPE - GSB PHP', 'Mise en place d\\\'une interface de gestion des clients, produits et salariés GSB', '', '2018-02-27', '2018-02-27', '', '', '', 'O', '2018-02-27'),
(1263, 163, 1, 4, 1, 2, 'Veille technologique', 'Veille technologique faite au cours des deux années de BTS ainsi que la vie de tout les jours.', '', '2016-09-01', '2018-06-22', '', '', '', 'O', '2018-02-27'),
(1264, 131, 1, 2, 1, 2, 'S2 - Veille technoligique', 'Thème : Cloud', 'Professionnel - Stage', '2018-01-15', '2018-02-27', '', '', '', 'O', '2018-02-27'),
(1265, 173, 2, 4, 1, 2, 'Veille technologique', '/', '', '2016-11-08', '2018-03-09', '', '', '', 'O', '2018-03-01'),
(1266, 172, 2, 4, 1, 1, 'PPE2 - PHP', 'PPE 2 - PHP - GSB', 'Seconde année BTS SIO', '2017-12-01', '2018-03-30', 'PHP/HTML/CSS', 'Équipe - Professeurs - Internet', 'Très intéressant et instructif', 'O', '2018-02-27'),
(1267, 169, 1, 4, 1, 1, 'PPE - C#', 'PPE en classe développement en C#', '', '2018-02-27', '2018-02-27', '', '', '', 'O', '2018-03-01'),
(1268, 169, 1, 4, 1, 1, 'PPE - PHP', 'PPE en classe développement en PHP', '', '2018-02-27', '2018-02-27', '', '', '', 'O', '2018-03-01'),
(1269, 170, 1, 4, 1, 1, 'PPE - C#', 'Développement d\'une Application en C#.', '', '2018-02-27', '2018-02-27', '', '', '', 'O', '2018-03-01'),
(1270, 170, 1, 4, 1, 1, 'PPE - PHP', 'Développement d\'une application en PHP.', '', '2018-02-27', '2018-02-27', '', '', '', 'O', '2018-03-01'),
(1271, 160, 2, 4, 1, 1, 'PPE- C#', 'ppe c sharp', '', '2018-02-27', '2018-02-27', '', '', '', 'O', '2018-03-12'),
(1272, 159, 2, 4, 1, 1, 'PPE-C#', 'Ppe en c#', '', '2017-09-27', '2018-02-27', '', '', '', 'O', '2018-03-11'),
(1273, 160, 2, 4, 1, 1, 'PPE- PHP', 'ppe php', '', '2018-02-27', '2018-02-27', '', '', '', 'O', '2018-03-12'),
(1274, 173, 1, 4, 1, 1, 'PPE C#', '/', '', '2018-02-27', '2018-02-27', '', '', '', 'O', '2018-03-12'),
(1275, 173, 1, 4, 1, 1, 'PPE php', '/', '', '2018-02-27', '2018-02-27', '', '', '', 'O', '2018-03-26'),
(1276, 159, 1, 4, 1, 1, 'PPE-PHP', 'PPE en php', '', '2017-09-27', '2018-02-27', '', '', '', 'O', '2018-02-27'),
(1277, 185, 2, 3, 1, 2, 'TP - AD/PowerShell', 'Création d\\\'un script de création d\\\'un domaine et de comptes Active Directory en utilisant le langage PowerShell.', '', '2018-02-27', '2018-02-27', 'Windows Server 2012 R2\r\nWindows PowerShell\r\n', '', '', 'O', '2018-02-27'),
(1278, 184, 1, 2, 1, 2, 'S2 - Aide projet téléphonique', 'L\\\'entreprise souhaite changer son infrastructure téléphonique. J\\\'ai aidé à ce projet en faisant la liste du matériel, la recherche des prix, une présentation de la solution pour les commerciaux et la collecte de données.', '', '2018-01-08', '2018-02-16', '', '', '', 'O', '2018-03-05'),
(1279, 184, 2, 3, 1, 2, 'TP2 - Automatisation création AD', 'Création d\\\'un script PowerShell pour créer et remplir l\\\'arborescence AD', '', '2018-02-27', '2018-02-27', '', '', '', 'O', '2018-02-27'),
(1280, 165, 2, 4, 3, 1, '[PPE] Back-office C#', 'Création d\'un logiciel pour une entreprise spécialisée dans la création et la commercialisation de produits pharmaceutiques', '', '2017-09-12', '2018-05-15', '', '', '', 'O', '2018-02-27'),
(1282, 184, 2, 3, 1, 1, 'TP2 - Mise en place OCS et GLPI', 'Installation des logiciels OCS et GLPI sur un serveur Debian avec MySQL et Apache.', '', '2018-02-27', '2018-02-27', '', '', '', 'O', '2018-03-25'),
(1283, 185, 2, 3, 1, 1, 'TP - Mise en place OCS et GLPI ', 'Installation des logiciels OCS et GLPI sur un serveur Debian avec Apache et MySQL.', '', '2018-02-27', '2018-02-27', '', '', '', 'O', '2018-03-26'),
(1284, 165, 2, 4, 3, 2, '[PPE] Application Android', 'Création d\'une application sur Android pour la société GSB', '', '2018-02-27', '2018-02-27', '', '', '', 'O', '2018-03-01'),
(1285, 175, 1, 2, 1, 2, 'Script Powershell Active Directory', 'Création d\\\'un script pour l\\\'automatisation de la création d\\\'un utilisateur dans l\\\'Active Directory, des dossiers utilisateurs et des droits sur les dossiers', '', '2017-01-09', '2018-02-16', '', '', '', 'O', '2018-03-25'),
(1287, 161, 1, 2, 1, 2, 'Stage 2ème année - Optimisation de l\'application VBA', 'Analyse des besoins,\r\nModifier l\'application à 12 mois,\r\nCréation d\'un classeur bilan prenant en compte tous les différents pôle,\r\n\r\n\r\n', 'Le directeur du pôle voulait une vue globale des différents pôles ainsi voir le bilan commun.', '2018-01-15', '2018-02-23', 'Mozilla firefox, Excel, Trello, Word', 'Ordinateur', 'L\'apprentissage du langage pour le VBA était nouveau et plutôt intéressant.', 'O', '2018-03-27'),
(1288, 174, 1, 4, 1, 2, 'PPE - Gestion de parc informatique', 'J\'ai réalisé lors des Projets l\'installation, la configuration et la gestion d\'un parc informatique. ', 'Utilisation d\'OCSInventory et GLPI.', '2017-11-17', '2018-06-08', '2 serveurs Debian et une machine cliente Windows 7.', '', '', 'O', '2018-03-21'),
(1289, 184, 1, 3, 1, 1, 'TP2 - Déploiement cluster Web', 'déploiement service et cluster Web', '', '2018-03-01', '2018-03-01', '', '', '', 'O', '2018-03-01'),
(1290, 179, 1, 4, 3, 1, 'PPE-cas GSB serveur Exchange', 'Ce PPE est fait avec des machines virtuelles Windows 10. Création d\'un serveur de messagerie avec Exchange. ', 'création d\'un serveur de messagerie Exchange qui peut communiquer avec d\'autres serveurs', '2018-01-02', '2018-01-02', 'Etablissement scolaire: 3 postes + VM', '3 èleves', '', 'O', '2018-05-25'),
(1291, 162, 2, 4, 1, 1, 'PPE - C#', 'Appli GSB C#', '', '2017-09-04', '2018-04-27', '', '', '', 'O', '2018-03-01'),
(1292, 162, 1, 4, 1, 1, 'PPE - PHP', 'Appli GSB en PHP', '', '2017-09-04', '2018-04-27', '', '', '', 'O', '2018-03-26'),
(1293, 161, 1, 4, 1, 1, 'PPE- Veille technologique', 'Google Alert', '', '2018-03-01', '2018-03-01', '', '', '', 'O', '2018-03-01'),
(1294, 161, 2, 4, 1, 1, 'PPE - C#', 'Application GSB C#', '', '2018-03-01', '2018-03-01', '', '', '', 'O', '2018-03-01'),
(1295, 161, 2, 4, 1, 1, 'PPE - PHP', 'Application GSB en PHP', '', '2018-03-01', '2018-03-01', '', '', '', 'O', '2018-03-01'),
(1296, 179, 1, 2, 1, 1, 'S2-Inventaire du parc informatique du réseau de la mairie', 'Gestion de l\\\'inventaire informatique de la mairie de Vaulx en Velin en indiquant le modèle, le n° de série, l\\\'adresse IP et l\\\'emplacement.\r\nDans un 1er temps, en y allant sur place et dans un 2ème temps, on vérifiant sur poste, la communication et la b', 'Dans la mairie de Vaulx en Velin et dans les organismes de cette mairie, établir l\\\'inventaire du parc informatique du réseau avec les switchs grâce à un ancien document qui me servira de repère et mettre à jour cette ancien inventaire.', '2018-01-08', '2018-02-16', 'Etablissement, armoires, baies de brassages appareils switchs HP et cisco, routeurs, modem et bornes wifi.', 'Dans toute la mairie et ses organismes, il y a des baies, des armoires contenant des appareils comme les switchs. \r\nDans un organisme de la mairie, DANSI ,mis à jour de l\\\'inventaire sur poste en administrant les appareils du réseau.', '', 'O', '2018-03-01'),
(1297, 179, 1, 2, 1, 1, 'S2-Cartographie du réseau LAN et WAN', 'Cartographie du réseau de la mairie de Vaulx en Velin en physique et en logique.\r\n', 'Faire les schémas sur Microsoft Visio:\r\n-cartographie globale physique de la mairie\r\n-cartographie physique un par un des locaux de la mairie et de ses organismes.', '2018-01-08', '2018-02-16', 'Déplacement pour noter les liaisons de câbles du réseau de la mairie et de ses organismes puis mis en place des cartographies sur Visio.', 'Faire des schémas sur Visio.\r\nPour physique on fait une cartographie des bâtiments en mettant le nom de tout les switchs puis relier ses bâtiments en dessinant les liaisons de câbles. Fibre Optique(Orange) et Câble RJ45(bleu). Aide grâce à d\\\'ancien fichi', '', 'O', '2018-03-01'),
(1298, 170, 1, 4, 1, 1, 'Veille Technologique', 'Veille', '', '2018-03-01', '2018-03-01', '', '', '', 'O', '2018-03-01'),
(1299, 179, 1, 2, 1, 1, 'S2-Préparation et déploiement de bornes wifi', 'Déploiement de plusieurs bornes wifi Alcatel Lucent Omnivista 3600 au sein des organismes et de la mairie.', 'Dans la mairie et dans ses organismes, déploiement et préparation de ses bornes.', '2018-01-08', '2018-02-16', 'Bornes wifi Alcatel Lucent Omnivista 3600, adaptateur bornes wifi, câbles RJ45 et baies de brassages.', 'Configuration de ses bornes wifi en suivant leur guide d\\\'utilisation puis déploiement de ses bornes dans la mairie et dans ses organismes', '', 'O', '2018-03-11'),
(1300, 179, 1, 2, 1, 1, 'S2-Participation aux interventions et dépannages ', 'Déplacement sur sites liés aux problèmes d\\\'incidents et de dépannages sur les réseaux et serveurs.', 'Sur place ou sur site, ramener du matériels de réseau et intervenir, réparer et dépanner.', '2018-01-08', '2018-02-16', 'Organsimes de la mairie, la mairie et d\\\'autres sites en lien avec la maire.\r\nCâbles RJ45, switchs, routeurs et modems.', 'Aller sur place ou sur à l\\\'aide de matériel réseau.', '', 'O', '2018-03-11'),
(1302, 175, 1, 2, 1, 1, 'Documentation pour l\\\'installation d\\\'un poste Windows', 'Ecriture d\\\'une documentation pour l\\\'installation d\\\'un poste client Windows 10, avec l\\\'ensemble des logiciels utiles.', 'A la suite de l\\\'installation d\\\'un poste j\\\'ai pris la décision d\\\'écrire une documentation.', '2018-01-08', '2018-02-16', 'Windows 10 v1709', '', '', 'O', '2018-03-25'),
(1303, 175, 1, 3, 1, 2, 'Veille Technologique', 'Outils de Veille Technologique', 'Utilisation d\\\'un site de veille (Netvibes)', '2018-01-17', '2018-03-09', '', '', '', 'O', '2018-03-25'),
(1304, 185, 1, 2, 1, 2, 'Support DELL', 'Traiter et diagnostiquer les problèmes d\\\'une machine avec le support et les techniciens DELL', '', '2018-01-08', '2018-02-16', '', '', '', 'O', '2018-03-23'),
(1305, 128, 2, 3, 1, 2, 'TP  - OCS Inventory', 'J\'ai mis en place l\'outil de gestion de parc OCS Inventory ', '', '2018-03-09', '2018-03-09', '', '', '', 'O', '2018-03-09'),
(1306, 175, 2, 4, 1, 1, 'Mise en place d\\\'un outil de suivi de parc informatique', 'Mise en place des outils GLPI et OCS inventory', '', '2017-11-06', '2017-12-22', '', '', '', 'O', '2018-03-25'),
(1307, 175, 1, 2, 1, 1, 'Etude de plusieurs solutions d\\\'accès internet', 'Lors de mon stage de deuxième année j\\\'ai eu l\\\'occasion de contribuer à prendre la décision sur le choix du fournisseur d\\\'accès internet professionnel ', '', '2018-01-08', '2018-02-16', '', '', '', 'O', '2018-03-25'),
(1308, 175, 1, 2, 1, 1, 'Suivi de déploiement de nouveaux serveurs', 'Remplacement des serveurs existants par deux nouveaux serveurs virtualisés réalisées par la société Xefi', '', '2018-01-08', '2018-02-16', '', '', '', 'O', '2018-03-25'),
(1309, 179, 1, 2, 1, 1, 'S2-Apprentissage de l\\\'infrastructure', 'Mise en place de maquettes et pratiques de ces maquettes.', 'Avec deux postes, faire les tests de communications et réaliser les maquettes.', '2018-01-08', '2018-02-16', 'Switches,routeurs,postes,câble consôle ,câble RJ45 et postes.', 'Guide d\\\'utilisations de switchs HP 2510G-48 routeur WRT45LG.', '', 'O', '2018-03-11'),
(1310, 166, 1, 2, 1, 2, 'Application interne de mise à jour des projets.', 'Exoception avait un besoin d\'automatisation des mises de leurs projets clients.\r\nPour cela j\'ai mis en place une application en PHP et C# ', '', '2018-01-29', '2018-03-02', 'Ordinateur personnelle, Internet. ', 'Sublime Text 3, Visual studio, Uwamp ', 'Projet bénéfique pour l\'entreprise et pour moi-même. ', 'O', '2018-03-11'),
(1311, 163, 1, 4, 1, 1, 'PPE - C#', 'Création d\'une application sous Visual Studio en C# sur le thème de GSB', '', '2017-09-01', '2018-03-30', 'Visual Studio, C#, Git', '', '', 'O', '2018-03-11'),
(1312, 163, 1, 4, 1, 1, 'PPE - PHP', 'Gestion des praticiens via un site web PHP, MCV', '', '2017-09-01', '2018-03-30', 'PHP,HTML,CSS,Git', '', '', 'O', '2018-03-11'),
(1313, 182, 1, 2, 1, 2, ' S2 Parametrage Pare feu', 'Prise en main, parametrage des restrictions, des différents VLAN, prise de connaissance du réseau du lycée', '', '2018-03-12', '2018-03-12', '', 'Pare feu zyxell', '', 'O', '2018-03-12'),
(1314, 182, 1, 2, 1, 1, 'S2 Assistance utilisateur et dépannage', 'problèmes d’alimentation, de paramétrage, de mémoire pleine sur certaines sessions, du matériel défectueux, des câbles rj45 à changer, installation de postes aves des iso Windows spécifiques, déploiement de divers logiciels sur des postes spécifiques...', '', '2018-03-12', '2018-03-12', '', '', 'très enrichissant', 'O', '2018-03-26'),
(1315, 145, 1, 4, 1, 1, 'PPE C# - GSB', 'Création d\\\'un interface de gestion', '', '2018-03-12', '2018-03-12', '', '', '', 'O', '2018-03-27'),
(1316, 145, 1, 4, 1, 1, 'PPE PHP - GSB', 'Création d\\\'un interface de gestion', '', '2018-03-12', '2018-03-12', '', '', '', 'O', '2018-03-27'),
(1317, 166, 2, 4, 1, 1, 'PPE - C#', 'Application GSB C#', '', '2018-03-19', '2018-03-19', '', '', '', 'O', '2018-03-26'),
(1318, 166, 1, 4, 1, 1, 'PPE - Veille technologie ', 'Google Alert ', '', '2018-03-19', '2018-03-19', '', '', '', 'O', '2018-03-25'),
(1319, 166, 2, 4, 1, 1, 'PPE - PHP', 'Application GSB en PHP', '', '2018-03-19', '2018-03-19', '', '', '', 'O', '2018-03-19'),
(1320, 181, 1, 3, 1, 1, 'Installation OCS inventory / GLPI avec client', 'Installation de OCS inventory serveur avec des clients et une base de donnés afin de simuler un parc informatique\r\nInstallation de GLPI server', '', '2018-03-19', '2018-03-19', '', '', '', 'O', '2018-03-19'),
(1321, 190, 0, 0, 0, 0, '', '', NULL, NULL, NULL, NULL, NULL, NULL, 'O', NULL),
(1322, 7, 1, 1, 1, 1, 'test', 'test', '', '2018-05-20', '2018-05-20', '', '', '', 'O', '2018-05-20'),
(1323, 191, 1, 1, 1, 2, 'Transfert de données', 'Transvasement des données depuis les anciens serveurs agences vers un disque dur externe pour ensuite les transférer dans un nouveau serveur afin que les agences puissent re-télécharger leurs données. ', '', '2018-05-16', '2018-05-24', 'Windows serveur 2003', 'usage de scrip et découverte de robocopy', '', 'O', '2018-05-21'),
(1324, 197, 1, 1, 1, 1, 'Stage première année', 'Recherche de solution \r\nRéparation des problèmes chez les clients\r\nInstallation de nouveau réseau ', 'Stage de première année', '2018-05-14', '2018-06-22', 'Windows 10, Windows 7, Windows Server', '', 'Intéressant, ce stage me permet de voir différent chose dans différent endroit', 'O', '2018-06-01'),
(1325, 212, 1, 1, 1, 1, 'Stage 1ère année', '- Recherche d\'améliorations pour leur site internet\r\n- élaboration d\'un document de synthèse avec améliorations à apporter\r\n- Création d\'une maquette pour la refonte de leur site web. Chaque page a du être maquetté avant d\'être développée\r\n- développement', 'Stage 1 ère année', '2018-05-14', '2018-06-22', 'Photoshop, indesign, html, php, CSS, javascript, jquery, wordpress,', '', '', 'O', '2018-05-21'),
(1326, 191, 1, 1, 1, 2, 'Préparation nouveaux postes', 'Déballage, enregistrement matériel dans l\'outil de gestion du parc, et enregistrement du matériel pour une masterisation. Après masterisation vérification.', '', '2018-05-21', '2018-05-21', 'windows 7/10', '', 'intéressant et permet de configurer des postes rapidement.', 'O', '2018-05-27'),
(1327, 100, 1, 1, 1, 1, 'Stage 1ère année', '\r\n\r\n\r\n\r\n	Ma 1ère mission consiste à développer le service de chat, pour l\'API que Klanik est entrain de développer pour un outil de gestions des patients et des compétences des médecins en France, pour le moment ma version focntionne et ne prend que 23 pe', 'Santé', '2018-05-14', '2018-06-22', 'NodeJS\r\nExpress(Bibliothèque de NodeJs)\r\nSocket.io(Bibliothèque de NodeJs)\r\nNodemon(Bibliothèque de NodeJs)\r\nMangoDB\r\n', 'Mon ordinateur personnel', 'Trés intéressant, le cours  a suivre était difficile mais la personne avec moi est trés gentil et fait du javascript depuis 23 ans', 'O', '2018-05-21'),
(1328, 207, 1, 1, 1, 1, 'mettre en place un développement de test ', 'Pour la création de nouvel fonctionnalité sur le site j dois mettre en place dans un développement de test puis l’intégrer ', '', '2018-05-21', '2018-05-21', '', '', '', 'O', '2018-05-21'),
(1329, 198, 1, 1, 1, 2, 'Mise en place d\'élément d\'affichage d\'information', 'Création d\'un système d\'affichage centralisé des informations lié au centre sur des télévision disposer à différent endroit et étages, controlé par un serveur et gerer via une interface web ou logiciel.', 'stage 1er année', '2018-05-14', '2018-06-08', 'windows 8.1,windows 10,bureau a distance, xamp, raspberry pie, TV ip, linux, multicast, streamer', 'Solution de maximum 150€ par télévision', '', 'O', '2018-05-22'),
(1330, 180, 1, 1, 2, 1, 'Brassage de 3 prises Ethernet', '- Vérification des prises à brasser avec un logiciel.\r\n- Brassage des prises.\r\n- Test de la connectivité dans le bureau une fois les prises brassées.', '', '2018-05-15', '2018-05-15', 'Windows 7', 'PC Portable, plusieurs câbles Ethernet.', '', 'O', '2018-05-25'),
(1331, 180, 1, 1, 1, 2, 'Réinitialisation d\'un Switch Cisco', '- Vérification de la configuration du Switch\r\n- Sauvegarde de la configuration TFTP\r\n- Réinitialisation du Switch puis vérification des configuration afin de voir si celui-ci s\'est bien remis à 0.', '', '2018-05-18', '2018-05-18', 'Windows 7, Putty', 'Câble Ethernet + câble USB-to-Serial Converter', 'Activité simple et facile.', 'O', '2018-05-24'),
(1332, 180, 1, 1, 1, 2, 'Analyse d\'émission Wifi', '- Déterminer la zone d\'analyse(zone 1, zone 2, zone 3)\r\n- Prendre les mesures récoltées et les noter dans un document\r\n- Déterminer quel est le signal wifi le plus élevé sur le logiciel inSSIDer Office\r\n- Comprendre ce qu\'affiche le logiciel comme données', '', '2018-05-22', '2018-05-25', 'Windows 7, inSSIDer Office', 'PC portable, clé USB WiSpy', '', 'O', '2018-05-28'),
(1333, 179, 1, 1, 1, 1, 'PPE2: antivirus centralisée', 'dqgfq', 'qfse', '2018-05-25', '2018-05-25', 'qfqd', 'qf', 'qf', 'O', '2018-05-25'),
(1334, 191, 1, 1, 1, 1, 'Demande de matériel.', 'Les employées font des demandes de matériel ou de création de comptes utilisateur', '', '2018-05-27', '2018-05-27', 'Win 7', 'Création de compte office 365, création de compte skype, modification des infos dans l\'AD', '', 'O', '2018-05-27'),
(1335, 191, 1, 1, 1, 1, 'Livraison matériel aux employés', 'Après traitement de la demande de matériel, livraison du matériel à l\'employé.\r\nRemplacement de la flotte portable des commerciaux T440 --> Yoga 370', '', '2018-05-27', '2018-05-27', 'Lenovo, win 7, win 10', '', '', 'O', '2018-06-01'),
(1336, 191, 1, 1, 1, 1, 'Gestions des tickets incidents', 'Les utilisateurs créent des tickets sur Easy Vista et ensuite le support traite ces demandes', '', '2018-05-27', '2018-05-27', 'easy vista', '', '', 'O', '2018-05-27'),
(1337, 219, 1, 1, 1, 2, 'Etude du cahier des charges du plugin à réaliser', 'Analyse des différentes conditions et restrictions qui seront appliqués dans ce plugin Wordpress.', 'Ces fonctions auront l\'objectif d\'appliquer plusieurs correction à un site Wordpress afin de le sécuriser.', '2018-05-28', '2018-05-28', 'Windows 10, Wordpress 4.9.6, Sublime Text, Microsoft Word, UwAmp 3.1.0,', '', '', 'O', '2018-05-31'),
(1338, 219, 1, 1, 1, 2, 'Mise en place d\'un Wordpress pour l\'environnement de test', 'L\'utilisation d\'un Wordpress fictif qui permet le test du bon fonctionnement du plugin', 'Afin de tester le plugin de sécurité créé, le Wordpress fictif sert d\'environnement de test', '2018-05-28', '2018-05-29', 'UwAmp, Wordpress, phpMyAdmin', '', '', 'O', '2018-05-29'),
(1339, 219, 1, 1, 1, 2, 'A3.1.1 Proposition d\'une solution d\'infrastructure', 'Proposition d\'une solution pour remplir les besoins du cahier des charges afin de sécuriser un site Wordpress.', 'Utilisation de fonctions à l\'intérieur d\'un plugin qui régleras plusieurs tâches à la place de l\'utilisateur.', '2018-05-29', '2018-05-29', 'Wordpress, UwAmp, Sublime Text, phpMyAdmin', '', '', 'O', '2018-05-29'),
(1340, 219, 1, 1, 1, 1, 'A4.1.7 Dév, utilisation ou adaptation de composants logiciels', 'Utilisation et modification d\'un plugin existant pour créer ce nouveau plugin. ', 'Pour réaliser ce plugin de sécurisation Wordpress, j\'ai pris comme référence le plugin déjà existant \"ManageWP\"', '2018-05-28', '2018-05-30', 'Wordpress, Sublime Text, UwAmp', '', '', 'O', '2018-05-31'),
(1341, 219, 1, 1, 1, 2, 'Mise en place de la base de donnée fictive', 'Création est gestion de la base de données liée au Wordpress', 'Afin de tester le plugin, nous lions au Wordpress une base de donnée créée pour cet effet.', '2018-05-28', '2018-05-30', 'Wordpress, phpMyAdmin, UwAmp', '', '', 'O', '2018-05-30'),
(1342, 180, 1, 1, 2, 1, 'Configuration de 2 visseuses wifi', '- Vérification de la configuration des bornes wifi\r\n- Changement du canal des visseuses', '', '2018-05-29', '2018-05-29', 'Windows 7, Cisco Prime Infrastructure', 'PC Portable', '', 'O', '2018-05-30'),
(1343, 219, 1, 1, 1, 2, 'Redaction de la documentation technique du plugin', 'Réalisation d\'un document technique retraçant la creation de la solution logicielle', 'Description et analyse d\'un plugin Wordpress, détaillant aussi son fonctionnement', '2018-05-28', '2018-05-30', 'Word, Sublime Text', '', '', 'O', '2018-05-30'),
(1344, 180, 1, 1, 2, 1, 'Installation d\'un PC et d\'une imprimante', '- Déballage des cartons\r\n- Branchements des périphériques\r\n- Configuration du PC à distance par la société Fedex', '', '2018-05-29', '2018-05-30', 'Windows 7, Datatex', 'PC , imprimante, câbles', '', 'O', '2018-05-30'),
(1345, 180, 1, 1, 2, 1, 'Réunion du Group IT', '- Présentation des réussite de chaque équipes présents sur le site de Vénissieux et Saint Priest\r\n- Présentation des différents projets futurs à mettre en place\r\n- Présentation des nouveaux et nouvelles innovations technologique qui seront présente sur le', '', '2018-05-29', '2018-05-29', 'Windows 10', 'PC portable, vidéo projecteur', '', 'O', '2018-05-30'),
(1346, 220, 1, 1, 1, 2, 'Stage 1er année', 'Stage William Evieux Pole développement', '', '2018-05-14', '2018-06-26', 'VPS OVH, Mysql, WordPress', '', '', 'O', '2018-05-30'),
(1347, 219, 1, 1, 1, 1, 'Test d\'intégration et d\'acceptation d\'un service', 'Debug et test pour vérifier le comportement du service', 'Afficher dans le navigateurs des messages permettant de vérifier la bonne exécution du service.', '2018-05-28', '2018-05-31', 'Sublime Text, Chrome, UwAmp, Wordpress', '', '', 'O', '2018-05-31'),
(1348, 219, 1, 1, 1, 2, 'Gestion des identités et des habilitations (Themes Wordpress)', 'Gestion des thèmes obsoletes ou non-voulus', 'Respect du cahier des charges concernant la sécurisation d\'un site Wordpress, incluant les thèmes.', '2018-05-29', '2018-05-31', 'Sublime Text, UwAmp, Wordpress, phpMyAdmin', '', '', 'O', '2018-05-31'),
(1349, 219, 1, 1, 1, 2, 'Analyse et correction d\'un dysfonctionnement, d\'un problème', 'Analyse du problème et définition d\'une stratégie de rétablissement/mise à jour afin de régler ce dysfonctionnement.', 'Problème d\'affichage d\'une liste extraite d\'une requête SQL', '2018-05-29', '2018-05-31', 'phpMyAdmin, UwAmp, Wordpress, Chrome, Sublime Text', '', '', 'O', '2018-05-31'),
(1350, 208, 1, 1, 1, 1, 'Projet BL soins', 'J’effectue mon stage chez Berger Levrault le 12e éditeur de logiciel de France. Je suis  sur le projet BL soins qui est un projet codé en C#. Je m’occupe de la programmation de différents services d’une maison de retraite.', 'Projet crée il y a 5 ans, le projet est déjà bien avancé.Il y a une base de données ainsi qu\'une interface logiciel fonctionnelle.', '2018-05-14', '2018-05-28', 'Microsoft Windows 10, C#, HTML/CSS, TypeScript, Aurelia.', '', '', 'O', '2018-05-31'),
(1351, 180, 1, 1, 1, 1, 'Inventaire des équipements connectés', '- Détermination de combien de serveurs partiront du local\r\n- Inventaire des équipements à commander\r\n- Prendre les notes sur Excel', '', '2018-05-31', '2018-05-31', 'Windows 7, Excel', 'PC Portable', '', 'O', '2018-06-01'),
(1352, 180, 1, 1, 1, 1, 'Analyses des interférences avec une montre connectée.', '- Analyser avec l\'outil Chanalyzer si une montre connecté peut causer des interférences.\r\n- Déterminer grâce au graphique obtenu les niveaux d\'interférences.', '', '2018-05-31', '2018-06-01', 'Windows 7, Chanalyzer', 'PC Portable, antenne WiSpy', '', 'O', '2018-06-01'),
(1353, 191, 1, 1, 1, 1, 'installation office espagne ', 'Installer la dernière version d\'office 2013 --> 2016', '', '2018-06-01', '2018-06-01', 'win 7 + office 2013/2016', '', '', 'O', '2018-06-01'),
(1354, 214, 1, 1, 1, 1, 'Stage 1ère année', 'Amélioration d\'une solution existante \r\nDéveloppement de la nouvelle application web', 'Stage 1 ère année', '2018-05-14', '2018-06-22', 'OSX , JS , REACT , NODE JS , EXPRESS , VISUAL STUDIO CODE ,XML , GITHUB , GITKRAKEN ,SLACK,RAPIDBOARD,FIRA', '', '', 'O', '2018-06-01');

-- --------------------------------------------------------

--
-- Structure de la table `port_source`
--

CREATE TABLE `port_source` (
  `code` smallint(6) NOT NULL,
  `libelle` char(20) NOT NULL,
  `codeTypesource` smallint(6) DEFAULT NULL
) ENGINE=InnoDB DEFAULT CHARSET=utf8;

--
-- Déchargement des données de la table `port_source`
--

INSERT INTO `port_source` (`code`, `libelle`, `codeTypesource`) VALUES
(1, 'Stage 1', 2),
(2, 'Stage 2', 3),
(3, 'TP', 1),
(4, 'PPE', 1);

-- --------------------------------------------------------

--
-- Structure de la table `port_type`
--

CREATE TABLE `port_type` (
  `code` smallint(6) NOT NULL,
  `libelle` char(12) NOT NULL
) ENGINE=InnoDB DEFAULT CHARSET=utf8;

--
-- Déchargement des données de la table `port_type`
--

INSERT INTO `port_type` (`code`, `libelle`) VALUES
(1, 'Vécu'),
(2, 'Observé'),
(3, 'Simulé');

-- --------------------------------------------------------

--
-- Structure de la table `port_typesource`
--

CREATE TABLE `port_typesource` (
  `code` smallint(6) NOT NULL,
  `libelle` varchar(70) NOT NULL
) ENGINE=InnoDB DEFAULT CHARSET=utf8;

--
-- Déchargement des données de la table `port_typesource`
--

INSERT INTO `port_typesource` (`code`, `libelle`) VALUES
(1, 'SITUATIONS VÉCUES EN FORMATION'),
(2, 'SITUATIONS VÉCUES EN STAGE DE PREMIÈRE ANNÉE DANS L’ORGANISATION'),
(3, 'SITUATIONS VÉCUES EN STAGE DE DEUXIÈME ANNÉE DANS L’ORGANISATION');

-- --------------------------------------------------------

--
-- Structure de la table `port_typologie`
--

CREATE TABLE `port_typologie` (
  `code` smallint(6) NOT NULL,
  `lngutile` smallint(6) NOT NULL,
  `libelle` varchar(85) NOT NULL
) ENGINE=InnoDB DEFAULT CHARSET=utf8;

--
-- Déchargement des données de la table `port_typologie`
--

INSERT INTO `port_typologie` (`code`, `lngutile`, `libelle`) VALUES
(1, 56, 'Production d’une solution logicielle et d’infrastructure'),
(2, 55, 'Prise en charge d’incidents et de demandes d’assistance'),
(3, 49, 'Élaboration de documents relatifs à la production et à la fourniture de services'),
(4, 53, 'Mise en place d’un dispositif de veille technologique');

--
-- Index pour les tables déchargées
--

--
-- Index pour la table `port_activite`
--
ALTER TABLE `port_activite`
  ADD PRIMARY KEY (`id`);

--
-- Index pour la table `port_activitecitee`
--
ALTER TABLE `port_activitecitee`
  ADD PRIMARY KEY (`idActivite`,`refSituation`),
  ADD KEY `iaccisitu` (`refSituation`);

--
-- Index pour la table `port_cadre`
--
ALTER TABLE `port_cadre`
  ADD PRIMARY KEY (`code`);

--
-- Index pour la table `port_commentaire`
--
ALTER TABLE `port_commentaire`
  ADD PRIMARY KEY (`numero`),
  ADD KEY `icommsitu` (`refSituation`);

--
-- Index pour la table `port_competence`
--
ALTER TABLE `port_competence`
  ADD PRIMARY KEY (`id`);

--
-- Index pour la table `port_domaine`
--
ALTER TABLE `port_domaine`
  ADD PRIMARY KEY (`id`);

--
-- Index pour la table `port_epreuve`
--
ALTER TABLE `port_epreuve`
  ADD PRIMARY KEY (`id`);

--
-- Index pour la table `port_esttypo`
--
ALTER TABLE `port_esttypo`
  ADD PRIMARY KEY (`refSituation`,`codeTypologie`);

--
-- Index pour la table `port_etudiant`
--
ALTER TABLE `port_etudiant`
  ADD PRIMARY KEY (`num`),
  ADD KEY `ietudgrou` (`numGroupe`);

--
-- Index pour la table `port_evalue`
--
ALTER TABLE `port_evalue`
  ADD PRIMARY KEY (`idParcours`,`idEpreuve`,`idActivite`);

--
-- Index pour la table `port_exerce`
--
ALTER TABLE `port_exerce`
  ADD PRIMARY KEY (`numProfesseur`,`numGroupe`);

--
-- Index pour la table `port_exploite`
--
ALTER TABLE `port_exploite`
  ADD PRIMARY KEY (`idParcours`,`idProcessus`);

--
-- Index pour la table `port_groupe`
--
ALTER TABLE `port_groupe`
  ADD PRIMARY KEY (`num`);

--
-- Index pour la table `port_localisation`
--
ALTER TABLE `port_localisation`
  ADD PRIMARY KEY (`code`);

--
-- Index pour la table `port_parcours`
--
ALTER TABLE `port_parcours`
  ADD PRIMARY KEY (`id`);

--
-- Index pour la table `port_processus`
--
ALTER TABLE `port_processus`
  ADD PRIMARY KEY (`id`);

--
-- Index pour la table `port_production`
--
ALTER TABLE `port_production`
  ADD PRIMARY KEY (`numero`),
  ADD KEY `iprodsitu` (`refSituation`);

--
-- Index pour la table `port_professeur`
--
ALTER TABLE `port_professeur`
  ADD PRIMARY KEY (`num`);

--
-- Index pour la table `port_situation`
--
ALTER TABLE `port_situation`
  ADD PRIMARY KEY (`ref`),
  ADD KEY `isituetud` (`numEtudiant`),
  ADD KEY `isitulibc` (`libcourt`);

--
-- Index pour la table `port_source`
--
ALTER TABLE `port_source`
  ADD PRIMARY KEY (`code`);

--
-- Index pour la table `port_type`
--
ALTER TABLE `port_type`
  ADD PRIMARY KEY (`code`);

--
-- Index pour la table `port_typesource`
--
ALTER TABLE `port_typesource`
  ADD PRIMARY KEY (`code`);

--
-- Index pour la table `port_typologie`
--
ALTER TABLE `port_typologie`
  ADD PRIMARY KEY (`code`);

--
-- AUTO_INCREMENT pour les tables déchargées
--

--
-- AUTO_INCREMENT pour la table `port_commentaire`
--
ALTER TABLE `port_commentaire`
  MODIFY `numero` int(11) NOT NULL AUTO_INCREMENT, AUTO_INCREMENT=12;
--
-- AUTO_INCREMENT pour la table `port_etudiant`
--
ALTER TABLE `port_etudiant`
  MODIFY `num` int(11) NOT NULL AUTO_INCREMENT, AUTO_INCREMENT=222;
--
-- AUTO_INCREMENT pour la table `port_groupe`
--
ALTER TABLE `port_groupe`
  MODIFY `num` int(11) NOT NULL AUTO_INCREMENT, AUTO_INCREMENT=22;
--
-- AUTO_INCREMENT pour la table `port_production`
--
ALTER TABLE `port_production`
  MODIFY `numero` int(11) NOT NULL AUTO_INCREMENT, AUTO_INCREMENT=2086;
--
-- AUTO_INCREMENT pour la table `port_professeur`
--
ALTER TABLE `port_professeur`
  MODIFY `num` int(11) NOT NULL AUTO_INCREMENT, AUTO_INCREMENT=14;
--
-- AUTO_INCREMENT pour la table `port_situation`
--
ALTER TABLE `port_situation`
  MODIFY `ref` int(11) NOT NULL AUTO_INCREMENT, AUTO_INCREMENT=1355;
--
-- Contraintes pour les tables déchargées
--

--
-- Contraintes pour la table `port_activitecitee`
--
ALTER TABLE `port_activitecitee`
  ADD CONSTRAINT `port_activitecitee_ibfk_1` FOREIGN KEY (`refSituation`) REFERENCES `port_situation` (`ref`),
  ADD CONSTRAINT `port_activitecitee_ibfk_2` FOREIGN KEY (`idActivite`) REFERENCES `port_activite` (`id`);

--
-- Contraintes pour la table `port_commentaire`
--
ALTER TABLE `port_commentaire`
  ADD CONSTRAINT `port_commentaire_ibfk_1` FOREIGN KEY (`refSituation`) REFERENCES `port_situation` (`ref`);

--
-- Contraintes pour la table `port_production`
--
ALTER TABLE `port_production`
  ADD CONSTRAINT `port_production_ibfk_1` FOREIGN KEY (`refSituation`) REFERENCES `port_situation` (`ref`);

--
-- Contraintes pour la table `port_situation`
--
ALTER TABLE `port_situation`
  ADD CONSTRAINT `port_situation_ibfk_1` FOREIGN KEY (`numEtudiant`) REFERENCES `port_etudiant` (`num`);
COMMIT;

/*!40101 SET CHARACTER_SET_CLIENT=@OLD_CHARACTER_SET_CLIENT */;
/*!40101 SET CHARACTER_SET_RESULTS=@OLD_CHARACTER_SET_RESULTS */;
/*!40101 SET COLLATION_CONNECTION=@OLD_COLLATION_CONNECTION */;
